CF_Label,Age,Children,Income,Total_Spent,N,LS,SS,Centroid,Radius
0,60.0,2.0,5648.0,49.0,1,"[60, 2, 5648, 49]","[3600, 4, 31899904, 2401]","[60.0, 2.0, 5648.0, 49.0]",0.0
1,49.0,0.0,7500.0,61.0,1,"[49, 0, 7500, 61]","[2401, 0, 56250000, 3721]","[49.0, 0.0, 7500.0, 61.0]",0.0
2,46.0,1.0,2447.0,1730.0,1,"[46, 1, 2447, 1730]","[2116, 1, 5987809, 2992900]","[46.0, 1.0, 2447.0, 1730.0]",0.0
3,47.5,1.0,7500.0,62.0,2,"[95, 2, 15000, 124]","[4517, 2, 112500000, 7850]","[47.5, 1.0, 7500.0, 62.0]",9.12414379544733
4,58.0,1.0,6835.0,137.0,1,"[58, 1, 6835, 137]","[3364, 1, 46717225, 18769]","[58.0, 1.0, 6835.0, 137.0]",0.0
5,44.0,0.0,1730.0,8.0,1,"[44, 0, 1730, 8]","[1936, 0, 2992900, 64]","[44.0, 0.0, 1730.0, 8.0]",0.0
6,47.0,2.0,7500.0,57.0,1,"[47, 2, 7500, 57]","[2209, 4, 56250000, 3249]","[47.0, 2.0, 7500.0, 57.0]",0.0
7,43.0,0.0,6560.0,373.0,1,"[43, 0, 6560, 373]","[1849, 0, 43033600, 139129]","[43.0, 0.0, 6560.0, 373.0]",0.0
8,42.0,1.0,3502.0,5.0,1,"[42, 1, 3502, 5]","[1764, 1, 12264004, 25]","[42.0, 1.0, 3502.0, 5.0]",0.0
9,49.0,2.0,7144.0,416.0,1,"[49, 2, 7144, 416]","[2401, 4, 51036736, 173056]","[49.0, 2.0, 7144.0, 416.0]",0.0
10,52.0,2.0,4023.0,9.0,1,"[52, 2, 4023, 9]","[2704, 4, 16184529, 81]","[52.0, 2.0, 4023.0, 9.0]",0.0
11,46.0,1.0,4428.0,359.0,1,"[46, 1, 4428, 359]","[2116, 1, 19607184, 128881]","[46.0, 1.0, 4428.0, 359.0]",0.0
12,40.0,1.0,7500.0,100.0,1,"[40, 1, 7500, 100]","[1600, 1, 56250000, 10000]","[40.0, 1.0, 7500.0, 100.0]",0.0
13,58.0,2.0,8820.0,35.0,1,"[58, 2, 8820, 35]","[3364, 4, 77792400, 1225]","[58.0, 2.0, 8820.0, 35.0]",0.0
14,49.0,1.0,5305.0,32.0,1,"[49, 1, 5305, 32]","[2401, 1, 28143025, 1024]","[49.0, 1.0, 5305.0, 32.0]",0.0
15,36.0,0.0,10979.0,30.0,2,"[72, 0, 21958, 60]","[2592, 0, 241076882, 1800]","[36.0, 0.0, 10979.0, 30.0]",0.0
16,40.333333333333336,1.0,7500.0,41.333333333333336,3,"[121, 3, 22500, 124]","[4885, 3, 168750000, 5506]","[40.333333333333336, 1.0, 7500.0, 41.333333333333336]",11.333333333333309
17,29.0,0.0,7500.0,122.0,1,"[29, 0, 7500, 122]","[841, 0, 56250000, 14884]","[29.0, 0.0, 7500.0, 122.0]",0.0
18,40.666666666666664,1.0,16544.166666666668,49.833333333333336,6,"[244, 6, 99265, 299]","[9924, 6, 1651292141, 15451]","[40.666666666666664, 1.0, 16544.166666666668, 49.833333333333336]",1227.191169568382
19,35.75,1.0,25307.25,37.25,4,"[143, 4, 101229, 149]","[5115, 4, 2562945827, 5625]","[35.75, 1.0, 25307.25, 37.25]",528.7471631129571
20,44.0,1.0,10245.0,41.0,1,"[44, 1, 10245, 41]","[1936, 1, 104960025, 1681]","[44.0, 1.0, 10245.0, 41.0]",0.0
21,36.0,1.0,9829.5,32.5,2,"[72, 2, 19659, 65]","[2592, 2, 193898241, 2333]","[36.0, 1.0, 9829.5, 32.5]",574.5959449909127
22,38.5,1.0,19062.166666666668,22.666666666666668,6,"[231, 6, 114373, 136]","[8909, 6, 2187999975, 3142]","[38.5, 1.0, 19062.166666666668, 22.666666666666668]",1140.3845598938858
23,35.0,0.0,24279.0,263.0,1,"[35, 0, 24279, 263]","[1225, 0, 589469841, 69169]","[35.0, 0.0, 24279.0, 263.0]",0.0
24,38.54545454545455,1.0,21438.090909090908,68.72727272727273,11,"[424, 11, 235819, 756]","[16358, 11, 5067370879, 54928]","[38.54545454545455, 1.0, 21438.090909090908, 68.72727272727273]",1038.5612346013122
25,38.666666666666664,1.0,22629.333333333332,218.33333333333334,3,"[116, 3, 67888, 655]","[4490, 3, 1537303666, 147659]","[38.666666666666664, 1.0, 22629.333333333332, 218.33333333333334]",591.0837504110956
26,38.0,0.0,7500.0,15.0,1,"[38, 0, 7500, 15]","[1444, 0, 56250000, 225]","[38.0, 0.0, 7500.0, 15.0]",0.0
27,34.0,1.0,26868.0,14.0,1,"[34, 1, 26868, 14]","[1156, 1, 721889424, 196]","[34.0, 1.0, 26868.0, 14.0]",0.0
28,41.0,0.0,14547.0,70.5,2,"[82, 0, 29094, 141]","[3370, 0, 423488180, 9981]","[41.0, 0.0, 14547.0, 70.5]",359.0337727846783
29,36.8,1.0,15382.2,78.6,5,"[184, 5, 76911, 393]","[6776, 5, 1187434005, 32713]","[36.8, 1.0, 15382.2, 78.6]",935.4623242012298
30,34.0,0.0,8028.0,178.0,1,"[34, 0, 8028, 178]","[1156, 0, 64448784, 31684]","[34.0, 0.0, 8028.0, 178.0]",0.0
31,46.0,1.0,7500.0,18.0,1,"[46, 1, 7500, 18]","[2116, 1, 56250000, 324]","[46.0, 1.0, 7500.0, 18.0]",0.0
32,29.0,0.0,14421.0,16.0,1,"[29, 0, 14421, 16]","[841, 0, 207965241, 256]","[29.0, 0.0, 14421.0, 16.0]",0.0
33,34.833333333333336,0.0,18925.5,74.5,6,"[209, 0, 113553, 447]","[7281, 0, 2151478857, 34737]","[34.833333333333336, 0.0, 18925.5, 74.5]",636.7877502660434
34,40.666666666666664,1.0,9891.333333333334,96.0,3,"[122, 3, 29674, 288]","[4966, 3, 295705028, 27866]","[40.666666666666664, 1.0, 9891.333333333334, 96.0]",854.3663018739529
35,33.0,1.0,7500.0,119.0,1,"[33, 1, 7500, 119]","[1089, 1, 56250000, 14161]","[33.0, 1.0, 7500.0, 119.0]",0.0
36,34.0,1.0,18120.0,61.0,3,"[102, 3, 54360, 183]","[3474, 3, 986198216, 11189]","[34.0, 1.0, 18120.0, 61.0]",631.1492163770413
37,40.0,0.0,11448.0,14.0,1,"[40, 0, 11448, 14]","[1600, 0, 131056704, 196]","[40.0, 0.0, 11448.0, 14.0]",0.0
38,39.0,0.0,23489.0,40.0,2,"[78, 0, 46978, 80]","[3044, 0, 1103698804, 3218]","[39.0, 0.0, 23489.0, 40.0]",341.01466244136776
39,33.0,1.0,15253.0,29.0,1,"[33, 1, 15253, 29]","[1089, 1, 232654009, 841]","[33.0, 1.0, 15253.0, 29.0]",0.0
40,40.0,0.0,18924.166666666668,33.833333333333336,6,"[240, 0, 113545, 203]","[9608, 0, 2162162871, 7129]","[40.0, 0.0, 18924.166666666668, 33.833333333333336]",1495.4729277983286
41,46.333333333333336,0.0,20718.333333333332,76.33333333333333,3,"[139, 0, 62155, 229]","[6445, 0, 1295835507, 17515]","[46.333333333333336, 0.0, 20718.333333333332, 76.33333333333333]",1641.9031640142687
42,40.0,2.0,19510.0,30.0,1,"[40, 2, 19510, 30]","[1600, 4, 380640100, 900]","[40.0, 2.0, 19510.0, 30.0]",0.0
43,49.0,1.0,9548.0,29.0,1,"[49, 1, 9548, 29]","[2401, 1, 91164304, 841]","[49.0, 1.0, 9548.0, 29.0]",0.0
44,40.4,1.0,22551.0,66.4,5,"[202, 5, 112755, 332]","[8162, 5, 2549970419, 22086]","[40.4, 1.0, 22551.0, 66.4]",1202.7016587666335
45,45.125,1.0,22676.0,81.375,8,"[361, 8, 181408, 651]","[16295, 8, 4130197514, 55289]","[45.125, 1.0, 22676.0, 81.375]",1440.1399563063308
46,58.75,0.0,14634.25,22.75,4,"[235, 0, 58537, 91]","[13807, 0, 860473147, 2167]","[58.75, 0.0, 14634.25, 22.75]",978.283222027241
47,43.42857142857143,1.0,23443.14285714286,25.714285714285715,14,"[608, 14, 328204, 360]","[26422, 14, 7734036360, 9410]","[43.42857142857143, 1.0, 23443.14285714286, 25.714285714285715]",1688.2635203917575
48,39.0,1.0,24658.166666666668,22.333333333333332,6,"[234, 6, 147949, 134]","[9136, 6, 3660195447, 3088]","[39.0, 1.0, 24658.166666666668, 22.333333333333332]",1416.830510133231
49,50.333333333333336,2.0,18109.666666666668,47.0,3,"[151, 6, 54329, 141]","[7603, 12, 985978131, 6681]","[50.333333333333336, 2.0, 18109.666666666668, 47.0]",836.2829133200308
50,46.166666666666664,1.0,15090.833333333334,35.0,6,"[277, 6, 90545, 210]","[12789, 6, 1372665857, 7858]","[46.166666666666664, 1.0, 15090.833333333334, 35.0]",1021.9965481568033
51,45.0,2.0,15243.0,52.0,4,"[180, 8, 60972, 208]","[8102, 16, 935864856, 11278]","[45.0, 2.0, 15243.0, 52.0]",1271.7236334990398
52,49.75,1.0,13990.5,49.25,4,"[199, 4, 55962, 197]","[9907, 4, 786682942, 10179]","[49.75, 1.0, 13990.5, 49.25]",967.8667909376786
53,46.5,1.0,16463.833333333332,87.0,6,"[279, 6, 98783, 522]","[12985, 6, 1632062277, 48958]","[46.5, 1.0, 16463.833333333332, 87.0]",976.301211489365
54,41.36363636363637,1.0,26551.363636363636,46.54545454545455,11,"[455, 11, 292065, 512]","[18839, 11, 7763495733, 24506]","[41.36363636363637, 1.0, 26551.363636363636, 46.54545454545455]",893.0237611713004
55,41.6,1.0,18756.4,16.0,5,"[208, 5, 93782, 80]","[8656, 5, 1767236094, 1424]","[41.6, 1.0, 18756.4, 16.0]",1282.461414624227
56,57.5,0.0,22799.5,19.0,2,"[115, 0, 45599, 38]","[6617, 0, 1040125441, 724]","[57.5, 0.0, 22799.5, 19.0]",495.50327950478794
57,45.666666666666664,0.0,14341.0,61.666666666666664,3,"[137, 0, 43023, 185]","[6259, 0, 622684899, 11441]","[45.666666666666664, 0.0, 14341.0, 61.666666666666664]",1377.448284973987
58,43.27272727272727,1.0,20270.81818181818,51.18181818181818,11,"[476, 11, 222979, 563]","[20606, 11, 4537466935, 30569]","[43.27272727272727, 1.0, 20270.81818181818, 51.18181818181818]",1261.3819785726375
59,57.0,0.0,18220.75,57.5,4,"[228, 0, 72883, 230]","[13008, 0, 1330625269, 13300]","[57.0, 0.0, 18220.75, 57.5]",812.7782215955347
60,49.166666666666664,0.0,21688.333333333332,113.16666666666667,6,"[295, 0, 130130, 679]","[14505, 0, 2832285772, 79667]","[49.166666666666664, 0.0, 21688.333333333332, 113.16666666666667]",1290.0764189251477
61,39.0,2.0,19485.0,10.0,1,"[39, 2, 19485, 10]","[1521, 4, 379665225, 100]","[39.0, 2.0, 19485.0, 10.0]",0.0
62,47.9,1.0,21606.7,44.4,10,"[479, 10, 216067, 444]","[22961, 10, 4706949091, 20624]","[47.9, 1.0, 21606.7, 44.4]",1960.9989648135918
63,50.0,0.0,4861.0,6.0,1,"[50, 0, 4861, 6]","[2500, 0, 23629321, 36]","[50.0, 0.0, 4861.0, 6.0]",0.0
64,42.5,1.0,25563.0,11.0,2,"[85, 2, 51126, 22]","[3613, 2, 1315151396, 244]","[42.5, 1.0, 25563.0, 11.0]",2027.000308337421
65,42.5,0.0,23429.5,53.5,2,"[85, 0, 46859, 107]","[3613, 0, 1101167425, 5765]","[42.5, 0.0, 23429.5, 53.5]",1281.507998414368
66,46.666666666666664,1.0,21079.333333333332,13.666666666666666,3,"[140, 3, 63238, 41]","[6534, 3, 1350266594, 571]","[46.666666666666664, 1.0, 21079.333333333332, 13.666666666666666]",2398.035584945881
67,40.0,1.0,22280.0,13.0,1,"[40, 1, 22280, 13]","[1600, 1, 496398400, 169]","[40.0, 1.0, 22280.0, 13.0]",0.0
68,39.5,0.0,28557.0,25.0,2,"[79, 0, 57114, 50]","[3121, 0, 1637066660, 1268]","[39.5, 0.0, 28557.0, 25.0]",1741.002656517215
69,55.0,2.0,13672.0,25.0,1,"[55, 2, 13672, 25]","[3025, 4, 186923584, 625]","[55.0, 2.0, 13672.0, 25.0]",0.0
70,45.42857142857143,1.0,25173.285714285714,40.285714285714285,7,"[318, 7, 176213, 282]","[14450, 7, 4449924383, 11524]","[45.42857142857143, 1.0, 25173.285714285714, 40.285714285714285]",1417.460232318402
71,55.0,0.0,22123.0,102.0,1,"[55, 0, 22123, 102]","[3025, 0, 489427129, 10404]","[55.0, 0.0, 22123.0, 102.0]",0.0
72,46.0,0.0,22390.0,26.0,1,"[46, 0, 22390, 26]","[2116, 0, 501312100, 676]","[46.0, 0.0, 22390.0, 26.0]",0.0
73,48.25,2.0,35091.5,105.0,4,"[193, 8, 140366, 420]","[9313, 16, 4957817028, 46586]","[48.25, 2.0, 35091.5, 105.0]",2835.75500308119
74,48.5,2.0,37287.166666666664,35.333333333333336,12,"[582, 24, 447446, 424]","[28246, 48, 16723687546, 15436]","[48.5, 2.0, 37287.166666666664, 35.333333333333336]",1818.755145086277
75,48.0,3.0,22574.0,37.0,2,"[96, 6, 45148, 74]","[4608, 18, 1019170952, 2738]","[48.0, 3.0, 22574.0, 37.0]",0.0
76,49.42857142857143,2.0,45893.28571428572,47.42857142857143,7,"[346, 14, 321253, 332]","[17106, 28, 14762900791, 17194]","[49.42857142857143, 2.0, 45893.28571428572, 47.42857142857143]",1671.0359001504232
77,43.714285714285715,2.0,25692.0,63.714285714285715,7,"[306, 14, 179844, 446]","[13384, 28, 4639355302, 29976]","[43.714285714285715, 2.0, 25692.0, 63.714285714285715]",1639.0250088366217
78,47.77777777777778,2.0,30453.555555555555,45.44444444444444,9,"[430, 18, 274082, 409]","[20556, 36, 8366081946, 19767]","[47.77777777777778, 2.0, 30453.555555555555, 45.44444444444444]",1464.83688890988
79,47.0,2.0,19514.0,69.0,2,"[94, 4, 39028, 138]","[4418, 8, 761592392, 9522]","[47.0, 2.0, 19514.0, 69.0]",0.0
80,52.0,2.0,42347.0,53.5,2,"[104, 4, 84694, 107]","[5408, 8, 3602205620, 5725]","[52.0, 2.0, 42347.0, 53.5]",2799.0000446588065
81,46.0,2.0,41378.6,19.6,5,"[230, 10, 206893, 98]","[10590, 20, 8577938703, 1980]","[46.0, 2.0, 41378.6, 19.6]",1843.6964175265148
82,50.666666666666664,3.0,35048.0,40.333333333333336,3,"[152, 9, 105144, 121]","[7704, 27, 3688399206, 5051]","[50.666666666666664, 3.0, 35048.0, 40.333333333333336]",1050.788169793407
83,53.0,3.0,46102.0,16.0,1,"[53, 3, 46102, 16]","[2809, 9, 2125394404, 256]","[53.0, 3.0, 46102.0, 16.0]",0.0
84,56.5,2.0,39129.5,16.0,2,"[113, 4, 78259, 32]","[6385, 8, 3073023553, 512]","[56.5, 2.0, 39129.5, 16.0]",2322.5000538213126
85,55.0,2.0,17144.0,47.0,2,"[110, 4, 34288, 94]","[6050, 8, 587833472, 4418]","[55.0, 2.0, 17144.0, 47.0]",0.0
86,50.6,2.0,32399.2,21.0,5,"[253, 10, 161996, 105]","[12805, 20, 5286084360, 2269]","[50.6, 2.0, 32399.2, 21.0]",2740.2052477870875
87,40.25,2.0,37797.75,19.25,4,"[161, 8, 151191, 77]","[6481, 16, 5721410457, 1539]","[40.25, 2.0, 37797.75, 19.25]",1297.1983512555048
88,48.6,2.0,25405.6,20.6,5,"[243, 10, 127028, 103]","[11811, 20, 3242932838, 2323]","[48.6, 2.0, 25405.6, 20.6]",1772.5960397112844
89,45.0,2.0,24163.0,17.0,1,"[45, 2, 24163, 17]","[2025, 4, 583850569, 289]","[45.0, 2.0, 24163.0, 17.0]",0.0
90,52.0,2.0,23091.0,48.0,1,"[52, 2, 23091, 48]","[2704, 4, 533194281, 2304]","[52.0, 2.0, 23091.0, 48.0]",0.0
91,52.0,2.0,50636.0,54.333333333333336,3,"[156, 6, 151908, 163]","[8112, 12, 7709722632, 9209]","[52.0, 2.0, 50636.0, 54.333333333333336]",2429.6430922165414
92,46.285714285714285,2.0,42714.0,40.57142857142857,7,"[324, 14, 298998, 284]","[15000, 28, 12798158548, 11738]","[46.285714285714285, 2.0, 42714.0, 40.57142857142857]",1955.1468758439732
93,44.0,2.0,32177.333333333332,44.0,3,"[132, 6, 96532, 132]","[5808, 12, 3125697712, 5808]","[44.0, 2.0, 32177.333333333332, 44.0]",2553.126884604241
94,47.0,2.0,38462.666666666664,84.33333333333333,6,"[282, 12, 230776, 506]","[13254, 24, 8903826014, 43010]","[47.0, 2.0, 38462.666666666664, 84.33333333333333]",2143.439162757961
95,49.0,2.0,29435.0,180.0,1,"[49, 2, 29435, 180]","[2401, 4, 866419225, 32400]","[49.0, 2.0, 29435.0, 180.0]",0.0
96,44.44444444444444,2.0,42037.333333333336,156.11111111111111,9,"[400, 18, 378336, 1405]","[17784, 36, 15976727574, 227405]","[44.44444444444444, 2.0, 42037.333333333336, 156.11111111111111]",2838.2135443720117
97,49.857142857142854,2.0,49345.42857142857,273.0,7,"[349, 14, 345418, 1911]","[17409, 28, 17155592618, 543111]","[49.857142857142854, 2.0, 49345.42857142857, 273.0]",3978.77922001616
98,43.833333333333336,2.0,47872.666666666664,74.66666666666667,6,"[263, 12, 287236, 448]","[11535, 24, 13792536934, 34630]","[43.833333333333336, 2.0, 47872.666666666664, 74.66666666666667]",2638.9656275391844
99,50.375,2.0,49466.125,90.0,8,"[403, 16, 395729, 720]","[20315, 32, 19682728991, 69704]","[50.375, 2.0, 49466.125, 90.0]",3666.635527803384
100,42.72727272727273,2.0,37708.0,45.54545454545455,11,"[470, 22, 414788, 501]","[20102, 44, 15715116316, 23523]","[42.72727272727273, 2.0, 37708.0, 45.54545454545455]",2598.7958209540434
101,42.333333333333336,3.0,36788.0,256.6666666666667,3,"[127, 9, 110364, 770]","[5377, 27, 4067330832, 210146]","[42.333333333333336, 3.0, 36788.0, 256.6666666666667]",1556.974987310686
102,47.0,3.0,56197.0,17.5,2,"[94, 6, 112394, 35]","[4418, 18, 6348237626, 613]","[47.0, 3.0, 56197.0, 17.5]",4002.0000312343827
103,48.4,3.0,41448.2,90.4,5,"[242, 15, 207241, 452]","[11724, 45, 8662465205, 41426]","[48.4, 3.0, 41448.2, 90.4]",3813.1185452330524
104,45.90909090909091,2.0,52228.181818181816,217.1818181818182,11,"[505, 22, 574510, 2389]","[23209, 44, 30109402760, 544499]","[45.90909090909091, 2.0, 52228.181818181816, 217.1818181818182]",3072.0987818785675
105,46.0,2.0,42885.2,276.4,5,"[230, 10, 214426, 1382]","[10582, 20, 9213320022, 384188]","[46.0, 2.0, 42885.2, 276.4]",1877.2496903716276
106,41.0,2.0,43258.833333333336,52.166666666666664,6,"[246, 12, 259553, 313]","[10094, 24, 11286293031, 17115]","[41.0, 2.0, 43258.833333333336, 52.166666666666664]",3118.0618356778655
107,40.625,2.0,44559.625,157.5,8,"[325, 16, 356477, 1260]","[13207, 32, 15902826655, 209356]","[40.625, 2.0, 44559.625, 157.5]",1514.7658131704716
108,48.333333333333336,2.0,54259.333333333336,50.0,3,"[145, 6, 162778, 150]","[7011, 12, 8834677604, 7758]","[48.333333333333336, 2.0, 54259.333333333336, 50.0]",904.083943988194
109,43.44444444444444,2.0,37388.333333333336,100.22222222222223,9,"[391, 18, 336495, 902]","[16989, 36, 12657051191, 94802]","[43.44444444444444, 2.0, 37388.333333333336, 100.22222222222223]",2907.2394270888058
110,44.0,2.0,42835.0,595.0,1,"[44, 2, 42835, 595]","[1936, 4, 1834837225, 354025]","[44.0, 2.0, 42835.0, 595.0]",0.0
111,46.0,3.0,58917.0,282.0,1,"[46, 3, 58917, 282]","[2116, 9, 3471212889, 79524]","[46.0, 3.0, 58917.0, 282.0]",0.0
112,42.0,2.0,54466.0,16.0,1,"[42, 2, 54466, 16]","[1764, 4, 2966545156, 256]","[42.0, 2.0, 54466.0, 16.0]",0.0
113,42.666666666666664,2.0,55759.5,345.1666666666667,6,"[256, 12, 334557, 2071]","[10932, 24, 18739778027, 728189]","[42.666666666666664, 2.0, 55759.5, 345.1666666666667]",3765.199057745102
114,48.0,3.0,59062.0,71.0,1,"[48, 3, 59062, 71]","[2304, 9, 3488319844, 5041]","[48.0, 3.0, 59062.0, 71.0]",0.0
115,40.0,3.0,56243.0,396.0,1,"[40, 3, 56243, 396]","[1600, 9, 3163275049, 156816]","[40.0, 3.0, 56243.0, 396.0]",0.0
116,43.0,3.0,36026.0,61.0,1,"[43, 3, 36026, 61]","[1849, 9, 1297872676, 3721]","[43.0, 3.0, 36026.0, 61.0]",0.0
117,42.0,3.0,34084.0,8.0,2,"[84, 6, 68168, 16]","[3530, 18, 2323926184, 128]","[42.0, 3.0, 34084.0, 8.0]",494.0010121447121
118,45.5,2.0,35002.25,266.5,4,"[182, 8, 140009, 1066]","[8290, 16, 4901754505, 295210]","[45.5, 2.0, 35002.25, 266.5]",532.8261325235466
119,50.0,2.0,42093.0,159.0,2,"[100, 4, 84186, 318]","[5002, 8, 3543930098, 51012]","[50.0, 2.0, 42093.0, 159.0]",380.2972521594128
120,49.0,2.0,38658.5,498.25,4,"[196, 8, 154634, 1993]","[9606, 16, 6000243276, 1026423]","[49.0, 2.0, 38658.5, 498.25]",2364.2229035139644
121,41.5,2.0,60479.0,93.5,2,"[83, 4, 120958, 187]","[3445, 8, 7319554570, 17497]","[41.5, 2.0, 60479.0, 93.5]",1438.002260081673
122,43.0,3.0,30261.0,22.0,1,"[43, 3, 30261, 22]","[1849, 9, 915728121, 484]","[43.0, 3.0, 30261.0, 22.0]",0.0
123,40.2,2.0,54129.2,510.4,5,"[201, 10, 270646, 2552]","[8081, 20, 14656982616, 1368388]","[40.2, 2.0, 54129.2, 510.4]",1199.7500406334407
124,58.125,2.0,53543.875,249.5,8,"[465, 16, 428351, 1996]","[27037, 32, 23082428829, 516004]","[58.125, 2.0, 53543.875, 249.5]",4284.775953156711
125,57.0,2.0,50696.88888888889,79.11111111111111,9,"[513, 18, 456272, 712]","[29253, 36, 23177244036, 59788]","[57.0, 2.0, 50696.88888888889, 79.11111111111111]",2252.816059408959
126,55.0,3.0,30488.5,104.0,2,"[110, 6, 60977, 208]","[6052, 18, 1880528869, 21640]","[55.0, 3.0, 30488.5, 104.0]",3273.5007637084796
127,57.333333333333336,3.0,34480.333333333336,12.666666666666666,3,"[172, 9, 103441, 38]","[9866, 27, 3596839443, 494]","[57.333333333333336, 3.0, 34480.333333333336, 12.666666666666666]",3170.66239136239
128,58.8,2.0,26798.0,82.2,5,"[294, 10, 133990, 411]","[17298, 20, 3593567664, 35731]","[58.8, 2.0, 26798.0, 82.2]",762.312481860262
129,57.333333333333336,3.0,46944.666666666664,18.333333333333332,3,"[172, 9, 140834, 55]","[9862, 27, 6672920686, 1013]","[57.333333333333336, 3.0, 46944.666666666664, 18.333333333333332]",4528.263316843124
130,58.285714285714285,2.0,41389.57142857143,217.28571428571428,7,"[408, 14, 289727, 1521]","[23784, 28, 12066506727, 348197]","[58.285714285714285, 2.0, 41389.57142857143, 217.28571428571428]",3269.951388267534
131,57.166666666666664,2.0,35033.0,56.666666666666664,6,"[343, 12, 210198, 340]","[19615, 24, 7383193836, 19738]","[57.166666666666664, 2.0, 35033.0, 56.666666666666664]",1794.797117906212
132,58.666666666666664,2.0,52450.666666666664,631.6666666666666,6,"[352, 12, 314704, 3790]","[20654, 24, 16525856714, 2488998]","[58.666666666666664, 2.0, 52450.666666666664, 631.6666666666666]",1803.5657274780974
133,58.5,2.0,31782.5,31.25,4,"[234, 8, 127130, 125]","[13692, 16, 4059125020, 4141]","[58.5, 2.0, 31782.5, 31.25]",2157.3150413187223
134,60.0,3.0,51599.5,50.5,2,"[120, 6, 103199, 101]","[7200, 18, 5341062913, 5413]","[60.0, 3.0, 51599.5, 50.5]",2832.5275815073715
135,62.0,2.0,46681.0,425.0,2,"[124, 4, 93362, 850]","[7688, 8, 4358231522, 361250]","[62.0, 2.0, 46681.0, 425.0]",0.0
136,56.0,3.0,50876.0,354.5,2,"[112, 6, 101752, 709]","[6274, 18, 5219886802, 268085]","[56.0, 3.0, 50876.0, 354.5]",4645.901231192932
137,53.0,2.0,47007.8,363.6,5,"[265, 10, 235039, 1818]","[14051, 20, 11123583855, 699926]","[53.0, 2.0, 47007.8, 363.6]",3871.858933380689
138,52.5,2.0,34415.75,126.5,4,"[210, 8, 137663, 506]","[11028, 16, 4743622143, 65638]","[52.5, 2.0, 34415.75, 126.5]",1209.1714880446032
139,53.25,2.0,60204.5,262.25,4,"[213, 8, 240818, 1049]","[11345, 16, 14558215124, 279163]","[53.25, 2.0, 60204.5, 262.25]",3869.4931354119235
140,59.333333333333336,2.0,32896.0,13.333333333333334,3,"[178, 6, 98688, 40]","[10566, 12, 3268988856, 566]","[59.333333333333336, 2.0, 32896.0, 13.333333333333334]",2741.5594913195746
141,59.0,3.0,26150.0,28.0,1,"[59, 3, 26150, 28]","[3481, 9, 683822500, 784]","[59.0, 3.0, 26150.0, 28.0]",0.0
142,49.666666666666664,3.0,53552.666666666664,348.3333333333333,3,"[149, 9, 160658, 1045]","[7401, 27, 8673405644, 387571]","[49.666666666666664, 3.0, 53552.666666666664, 348.3333333333333]",4822.339888477405
143,60.0,2.0,53753.5,143.5,4,"[240, 8, 215014, 574]","[14402, 16, 11611989066, 84058]","[60.0, 2.0, 53753.5, 143.5]",3682.244831621059
144,62.0,3.0,45072.0,284.0,1,"[62, 3, 45072, 284]","[3844, 9, 2031485184, 80656]","[62.0, 3.0, 45072.0, 284.0]",0.0
145,58.0,2.0,35175.6,120.6,5,"[290, 10, 175878, 603]","[16824, 20, 6193255034, 78349]","[58.0, 2.0, 35175.6, 120.6]",1152.9517249217581
146,58.75,2.0,42762.75,40.625,8,"[470, 16, 342102, 325]","[27618, 32, 14743517578, 13447]","[58.75, 2.0, 42762.75, 40.625]",3779.8069870530426
147,54.0,3.0,39567.0,48.5,2,"[108, 6, 79134, 97]","[5834, 18, 3136929506, 5017]","[54.0, 3.0, 39567.0, 48.5]",1708.046032752045
148,55.0,2.0,47718.0,45.0,3,"[165, 6, 143154, 135]","[9075, 12, 6848423826, 6081]","[55.0, 2.0, 47718.0, 45.0]",2408.4061119337825
149,60.25,2.0,33479.0,69.5,4,"[241, 8, 133916, 278]","[14525, 16, 4489295338, 19492]","[60.25, 2.0, 33479.0, 69.5]",1216.7322784820003
150,55.0,2.0,63255.0,117.0,2,"[110, 4, 126510, 234]","[6052, 8, 8005938498, 27540]","[55.0, 2.0, 63255.0, 117.0]",1332.0307804251372
151,57.5,3.0,69893.5,1166.5,2,"[115, 6, 139787, 2333]","[6613, 18, 9828296105, 2764957]","[57.5, 3.0, 69893.5, 1166.5]",5391.518037621687
152,54.0,2.0,16860.0,38.0,1,"[54, 2, 16860, 38]","[2916, 4, 284259600, 1444]","[54.0, 2.0, 16860.0, 38.0]",0.0
153,58.0,2.0,66726.0,438.0,1,"[58, 2, 66726, 438]","[3364, 4, 4452359076, 191844]","[58.0, 2.0, 66726.0, 438.0]",0.0
154,57.0,2.0,15056.0,88.0,1,"[57, 2, 15056, 88]","[3249, 4, 226683136, 7744]","[57.0, 2.0, 15056.0, 88.0]",0.0
155,55.55555555555556,2.0,38753.333333333336,59.888888888888886,9,"[500, 18, 348780, 539]","[27782, 36, 13534481236, 33037]","[55.55555555555556, 2.0, 38753.333333333336, 59.888888888888886]",1417.9169820201028
156,54.0,2.0,25636.0,46.333333333333336,3,"[162, 6, 76908, 139]","[8750, 12, 1985869016, 6611]","[54.0, 2.0, 25636.0, 46.333333333333336]",2179.8853690554884
157,60.5,2.0,38776.5,17.5,2,"[121, 4, 77553, 35]","[7321, 8, 3018453489, 653]","[60.5, 2.0, 38776.5, 17.5]",2368.5043276295696
158,64.0,3.0,64014.0,444.0,2,"[128, 6, 128028, 888]","[8192, 18, 8195584392, 394272]","[64.0, 3.0, 64014.0, 444.0]",0.0
159,55.0,2.0,42586.0,252.0,2,"[110, 4, 85172, 504]","[6050, 8, 3627134792, 127008]","[55.0, 2.0, 42586.0, 252.0]",0.0
160,54.0,2.0,32583.0,9.0,1,"[54, 2, 32583, 9]","[2916, 4, 1061651889, 81]","[54.0, 2.0, 32583.0, 9.0]",0.0
161,59.0,3.0,58217.0,103.0,1,"[59, 3, 58217, 103]","[3481, 9, 3389219089, 10609]","[59.0, 3.0, 58217.0, 103.0]",0.0
162,59.0,2.0,22263.0,21.0,1,"[59, 2, 22263, 21]","[3481, 4, 495641169, 441]","[59.0, 2.0, 22263.0, 21.0]",0.0
163,43.68,1.0,59754.36,714.44,25,"[1092, 25, 1493859, 17861]","[47718, 25, 89704841495, 13302917]","[43.68, 1.0, 59754.36, 714.44]",4199.025331478727
164,47.08695652173913,1.0,60667.217391304344,923.6086956521739,23,"[1083, 23, 1395346, 21243]","[51019, 23, 85106743926, 19770363]","[47.08695652173913, 1.0, 60667.217391304344, 923.6086956521739]",4448.424123593112
165,59.0,1.0,76136.0,1663.3333333333333,3,"[177, 3, 228408, 4990]","[10449, 3, 17398424934, 8332708]","[59.0, 1.0, 76136.0, 1663.3333333333333]",1671.9376649730564
166,58.84615384615385,1.0,60437.153846153844,1102.3076923076924,13,"[765, 13, 785683, 14330]","[45031, 13, 47550755509, 16126164]","[58.84615384615385, 1.0, 60437.153846153844, 1102.3076923076924]",2264.122722853696
167,56.214285714285715,1.0,67174.82142857143,771.4642857142857,28,"[1574, 28, 1880895, 21601]","[88506, 28, 126956151189, 17334265]","[56.214285714285715, 1.0, 67174.82142857143, 771.4642857142857]",4659.994358464165
168,44.96296296296296,1.0,75046.96296296296,997.4074074074074,27,"[1214, 27, 2026268, 26930]","[54628, 27, 152858699594, 27679094]","[44.96296296296296, 1.0, 75046.96296296296, 997.4074074074074]",5423.744095775624
169,55.714285714285715,2.0,70789.28571428571,1094.142857142857,7,"[390, 14, 495525, 7659]","[21742, 28, 35358829739, 8500175]","[55.714285714285715, 2.0, 70789.28571428571, 1094.142857142857]",6336.843329904521
170,47.45454545454545,2.0,61020.818181818184,757.0909090909091,11,"[522, 22, 671229, 8328]","[24790, 44, 41125223351, 6701676]","[47.45454545454545, 2.0, 61020.818181818184, 757.0909090909091]",3892.6180168099377
171,40.0,2.0,67938.66666666667,697.6666666666666,3,"[120, 6, 203816, 2093]","[4800, 12, 13975887594, 1483865]","[40.0, 2.0, 67938.66666666667, 697.6666666666666]",6555.505506400268
172,45.0,3.0,79063.5,1477.0,2,"[90, 6, 158127, 2954]","[4050, 18, 12537513845, 4377508]","[45.0, 3.0, 79063.5, 1477.0]",4210.358090471641
173,49.73913043478261,1.0,56758.04347826087,694.9565217391304,23,"[1144, 23, 1305435, 15984]","[56926, 23, 74400427081, 11671782]","[49.73913043478261, 1.0, 56758.04347826087, 694.9565217391304]",3653.790255681578
174,58.666666666666664,2.0,69574.66666666667,814.0,3,"[176, 6, 208724, 2442]","[10326, 12, 14619382090, 2043506]","[58.666666666666664, 2.0, 69574.66666666667, 814.0]",5701.902703873794
175,54.785714285714285,1.0,54625.0,420.42857142857144,14,"[767, 14, 764750, 5886]","[42041, 14, 41978999996, 2531836]","[54.785714285714285, 1.0, 54625.0, 420.42857142857144]",3822.7557354957225
176,42.0,1.0,157243.0,1608.0,1,"[42, 1, 157243, 1608]","[1764, 1, 24725361049, 2585664]","[42.0, 1.0, 157243.0, 1608.0]",0.0
177,41.2,2.0,47606.2,349.2,5,"[206, 10, 238031, 1746]","[8490, 20, 11350853669, 664720]","[41.2, 2.0, 47606.2, 349.2]",1957.4113721955869
178,47.375,2.0,74419.5,830.0,8,"[379, 16, 595356, 6640]","[17963, 32, 44445539306, 5955518]","[47.375, 2.0, 74419.5, 830.0]",4181.623337219052
179,56.75,1.0,40387.0,569.0,4,"[227, 4, 161548, 2276]","[12891, 4, 6552305782, 1312254]","[56.75, 1.0, 40387.0, 569.0]",2640.261575582995
180,60.6,1.0,52560.8,482.2,5,"[303, 5, 262804, 2411]","[18363, 5, 13859633808, 1165671]","[60.6, 1.0, 52560.8, 482.2]",3047.898056037892
181,48.333333333333336,2.0,52204.555555555555,487.55555555555554,9,"[435, 18, 469841, 4388]","[21033, 36, 24661313115, 2172392]","[48.333333333333336, 2.0, 52204.555555555555, 487.55555555555554]",3851.4865015477635
182,45.0,2.0,68303.66666666667,336.0,3,"[135, 6, 204911, 1008]","[6077, 12, 14008779181, 352770]","[45.0, 2.0, 68303.66666666667, 336.0]",2051.0667685104845
183,52.18181818181818,1.0,71478.90909090909,1056.3636363636363,11,"[574, 11, 786268, 11620]","[29960, 11, 56350672370, 12520034]","[52.18181818181818, 1.0, 71478.90909090909, 1056.3636363636363]",3684.5941319710932
184,43.25,2.0,56741.375,736.875,8,"[346, 16, 453931, 5895]","[14970, 32, 25851758795, 4459655]","[43.25, 2.0, 56741.375, 736.875]",3449.7369872571444
185,54.608695652173914,1.0,58661.608695652176,864.4782608695652,23,"[1256, 23, 1349217, 19883]","[68614, 23, 79398972951, 17767281]","[54.608695652173914, 1.0, 58661.608695652176, 864.4782608695652]",3312.113056616682
186,61.0,2.0,58492.0,613.5,2,"[122, 4, 116984, 1227]","[7444, 8, 6860329378, 753525]","[61.0, 2.0, 58492.0, 613.5]",2975.0640749402355
187,49.8,1.0,45554.9,381.9,10,"[498, 10, 455549, 3819]","[24806, 10, 20794850081, 1500795]","[49.8, 1.0, 45554.9, 381.9]",2059.205317592123
188,40.86666666666667,1.0,56998.666666666664,967.0666666666667,15,"[613, 15, 854980, 14506]","[25073, 15, 49049906774, 14447114]","[40.86666666666667, 1.0, 56998.666666666664, 967.0666666666667]",4601.4897152987505
189,56.333333333333336,1.0,78672.83333333333,1528.4444444444443,18,"[1014, 18, 1416111, 27512]","[57132, 18, 112015797983, 43559152]","[56.333333333333336, 1.0, 78672.83333333333, 1528.4444444444443]",5811.10955624589
190,51.285714285714285,1.0,50983.42857142857,288.42857142857144,7,"[359, 7, 356884, 2019]","[18419, 7, 18260518182, 615911]","[51.285714285714285, 1.0, 50983.42857142857, 288.42857142857144]",3056.184382459932
191,44.27272727272727,1.0,59163.818181818184,336.54545454545456,11,"[487, 11, 650802, 3702]","[21577, 11, 38747138072, 1305214]","[44.27272727272727, 1.0, 59163.818181818184, 336.54545454545456]",4702.67052318008
192,49.0,2.0,162397.0,107.0,1,"[49, 2, 162397, 107]","[2401, 4, 26372785609, 11449]","[49.0, 2.0, 162397.0, 107.0]",0.0
193,52.25,2.0,56806.0,708.25,4,"[209, 8, 227224, 2833]","[10923, 16, 13000413134, 2090025]","[52.25, 2.0, 56806.0, 708.25]",4816.901117419788
194,56.333333333333336,2.0,55619.666666666664,541.1666666666666,6,"[338, 12, 333718, 3247]","[19044, 24, 18669766048, 1783451]","[56.333333333333336, 2.0, 55619.666666666664, 541.1666666666666]",4252.615146393287
195,42.0,2.0,89694.0,1472.0,1,"[42, 2, 89694, 1472]","[1764, 4, 8045013636, 2166784]","[42.0, 2.0, 89694.0, 1472.0]",0.0
196,45.5,1.0,45280.875,749.875,8,"[364, 8, 362247, 5999]","[16574, 8, 16438698389, 4714773]","[45.5, 1.0, 45280.875, 749.875]",2122.89742304003
197,44.5,1.0,71825.0,1592.111111111111,18,"[801, 18, 1292850, 28658]","[35659, 18, 93317096662, 46321678]","[44.5, 1.0, 71825.0, 1592.111111111111]",5048.874375529358
198,56.0,3.0,93404.0,1616.0,1,"[56, 3, 93404, 1616]","[3136, 9, 8724307216, 2611456]","[56.0, 3.0, 93404.0, 1616.0]",0.0
199,46.75,1.0,56501.583333333336,478.5833333333333,12,"[561, 12, 678019, 5743]","[26237, 12, 38433078487, 2831327]","[46.75, 1.0, 56501.583333333336, 478.5833333333333]",3214.735474904773
200,41.375,1.0,73416.5,764.75,8,"[331, 8, 587332, 6118]","[13703, 8, 43405289826, 4745150]","[41.375, 1.0, 73416.5, 764.75]",5973.864592696674
201,60.333333333333336,2.0,66465.0,1350.3333333333333,3,"[181, 6, 199395, 4051]","[10923, 12, 13331415075, 5648393]","[60.333333333333336, 2.0, 66465.0, 1350.3333333333333]",5125.251061601221
202,49.0,1.0,73578.81818181818,1350.8636363636363,22,"[1078, 22, 1618734, 29719]","[52838, 22, 119655032166, 42610285]","[49.0, 1.0, 73578.81818181818, 1350.8636363636363]",5013.443200144447
203,49.333333333333336,2.0,67686.33333333333,333.6666666666667,3,"[148, 6, 203059, 1001]","[7304, 12, 13759552961, 339805]","[49.333333333333336, 2.0, 67686.33333333333, 333.6666666666667]",2253.8565467513845
204,49.0,2.0,86358.0,1722.0,1,"[49, 2, 86358, 1722]","[2401, 4, 7457704164, 2965284]","[49.0, 2.0, 86358.0, 1722.0]",0.0
205,44.0,1.0,157733.0,59.0,1,"[44, 1, 157733, 59]","[1936, 1, 24879699289, 3481]","[44.0, 1.0, 157733.0, 59.0]",0.0
206,49.8,1.0,65595.6,294.6,5,"[249, 5, 327978, 1473]","[12401, 5, 21654399786, 456659]","[49.8, 1.0, 65595.6, 294.6]",5301.10937823388
207,46.5,2.0,89267.5,1125.5,2,"[93, 4, 178535, 2251]","[4325, 8, 16000171537, 2538013]","[46.5, 2.0, 89267.5, 1125.5]",5603.701343754858
208,51.0,2.0,64140.0,1750.0,1,"[51, 2, 64140, 1750]","[2601, 4, 4113939600, 3062500]","[51.0, 2.0, 64140.0, 1750.0]",0.0
209,40.6,1.0,70112.0,1321.3,10,"[406, 10, 701120, 13213]","[16494, 10, 49262465524, 17824713]","[40.6, 1.0, 70112.0, 1321.3]",3254.3274343556177
210,51.5,1.0,55782.166666666664,1280.0,6,"[309, 6, 334693, 7680]","[15915, 6, 18876589361, 10051860]","[51.5, 1.0, 55782.166666666664, 1280.0]",5872.39466108638
211,53.0,1.0,58646.0,140.0,2,"[106, 2, 117292, 280]","[5618, 2, 6878706632, 39200]","[53.0, 1.0, 58646.0, 140.0]",0.0
212,49.875,1.0,66794.5,644.375,8,"[399, 8, 534356, 5155]","[19907, 8, 35722753318, 3442431]","[49.875, 1.0, 66794.5, 644.375]",1963.1658345004887
213,95.0,1.0,36640.0,65.0,1,"[95, 1, 36640, 65]","[9025, 1, 1342489600, 4225]","[95.0, 1.0, 36640.0, 65.0]",0.0
214,102.0,1.0,60182.0,22.0,1,"[102, 1, 60182, 22]","[10404, 1, 3621873124, 484]","[102.0, 1.0, 60182.0, 22.0]",0.0
215,61.875,0.0,75632.875,1247.6875,16,"[990, 0, 1210126, 19963]","[61266, 0, 91871366780, 25599883]","[61.875, 0.0, 75632.875, 1247.6875]",4655.310106061008
216,63.0,0.0,36978.666666666664,341.3333333333333,3,"[189, 0, 110936, 1024]","[11913, 0, 4105928256, 353078]","[63.0, 0.0, 36978.666666666664, 341.3333333333333]",1105.508832066955
217,58.0,1.0,46102.65,339.0,20,"[1160, 20, 922053, 6780]","[67298, 20, 42692332737, 2374562]","[58.0, 1.0, 46102.65, 339.0]",3027.558063439885
218,52.25,0.0,40856.5,388.0,4,"[209, 0, 163426, 1552]","[10921, 0, 6705758298, 662674]","[52.25, 0.0, 40856.5, 388.0]",2683.487830697207
219,66.16666666666667,0.0,54856.333333333336,863.1666666666666,6,"[397, 0, 329138, 5179]","[26275, 0, 18187290790, 4615889]","[66.16666666666667, 0.0, 54856.333333333336, 863.1666666666666]",4692.76934939979
220,57.0,0.0,26276.5,60.0,2,"[114, 0, 52553, 120]","[6500, 0, 1389359065, 7250]","[57.0, 0.0, 26276.5, 60.0]",2055.506324485527
221,56.2,1.0,50708.0,567.7,10,"[562, 10, 507080, 5677]","[31592, 10, 25814506838, 3296569]","[56.2, 1.0, 50708.0, 567.7]",3186.972571265744
222,57.6,0.0,55896.6,334.8,5,"[288, 0, 279483, 1674]","[16596, 0, 15714340289, 582542]","[57.6, 0.0, 55896.6, 334.8]",4294.483093458425
223,57.0,0.0,27727.0,287.6666666666667,6,"[342, 0, 166362, 1726]","[19504, 0, 4624667348, 541206]","[57.0, 0.0, 27727.0, 287.6666666666667]",1413.7937929163957
224,61.0,1.0,38823.0,114.0,1,"[61, 1, 38823, 114]","[3721, 1, 1507225329, 12996]","[61.0, 1.0, 38823.0, 114.0]",0.0
225,64.2,0.0,48784.2,210.2,5,"[321, 0, 243921, 1051]","[20617, 0, 11940389325, 228427]","[64.2, 0.0, 48784.2, 210.2]",2860.279440893867
226,59.0,1.0,52180.4,62.8,5,"[295, 5, 260902, 314]","[17407, 5, 13649815754, 21154]","[59.0, 1.0, 52180.4, 62.8]",2677.553734288047
227,61.2,1.0,50253.8,221.2,5,"[306, 5, 251269, 1106]","[18730, 5, 12693951719, 254502]","[61.2, 1.0, 50253.8, 221.2]",3653.477915630548
228,64.0,0.0,18100.0,14.0,1,"[64, 0, 18100, 14]","[4096, 0, 327610000, 196]","[64.0, 0.0, 18100.0, 14.0]",0.0
229,57.0,1.0,56598.454545454544,184.36363636363637,11,"[627, 11, 622583, 2028]","[35753, 11, 35427901471, 388650]","[57.0, 1.0, 56598.454545454544, 184.36363636363637]",4163.484328307989
230,56.666666666666664,0.0,64470.416666666664,906.0833333333334,12,"[680, 0, 773645, 10873]","[38548, 0, 50087943963, 10076771]","[56.666666666666664, 0.0, 64470.416666666664, 906.0833333333334]",4192.785495149228
231,64.0,1.0,44124.0,397.0,1,"[64, 1, 44124, 397]","[4096, 1, 1946927376, 157609]","[64.0, 1.0, 44124.0, 397.0]",0.0
232,63.42857142857143,0.0,82743.21428571429,1774.857142857143,14,"[888, 0, 1158405, 24848]","[56348, 0, 96232400985, 45534278]","[63.42857142857143, 0.0, 82743.21428571429, 1774.857142857143]",5235.050085037986
233,52.0,0.0,22419.0,162.0,2,"[104, 0, 44838, 324]","[5408, 0, 1005223122, 52488]","[52.0, 0.0, 22419.0, 162.0]",0.0
234,59.0,0.0,27450.0,143.0,1,"[59, 0, 27450, 143]","[3481, 0, 753502500, 20449]","[59.0, 0.0, 27450.0, 143.0]",0.0
235,55.875,1.0,36844.875,285.25,8,"[447, 8, 294759, 2282]","[24985, 8, 10911816725, 671292]","[55.875, 1.0, 36844.875, 285.25]",2536.6950755362773
236,53.5,0.0,31600.5,130.0,2,"[107, 0, 63201, 260]","[5729, 0, 1997945813, 36538]","[53.5, 0.0, 31600.5, 130.0]",618.6093274434196
237,59.2,1.0,68791.46666666666,1013.7333333333333,15,"[888, 15, 1031872, 15206]","[52578, 15, 71111058254, 15675474]","[59.2, 1.0, 68791.46666666666, 1013.7333333333333]",2913.5386853638374
238,54.0,0.0,51514.5,606.5,2,"[108, 0, 103029, 1213]","[5832, 0, 5369682125, 737425]","[54.0, 0.0, 51514.5, 606.5]",5576.578027787292
239,58.92857142857143,1.0,52899.0,840.1428571428571,14,"[825, 14, 740586, 11762]","[48639, 14, 39260171206, 10163738]","[58.92857142857143, 1.0, 52899.0, 840.1428571428571]",2452.322407183724
240,59.0,1.0,59850.333333333336,473.75,12,"[708, 12, 718204, 5685]","[41780, 12, 43137956712, 2756757]","[59.0, 1.0, 59850.333333333336, 473.75]",3573.879858508887
241,56.0,1.0,39541.666666666664,122.33333333333333,3,"[168, 3, 118625, 367]","[9408, 3, 4691392049, 45713]","[56.0, 1.0, 39541.666666666664, 122.33333333333333]",504.2014588547881
242,58.0,0.0,78505.08695652174,1144.391304347826,23,"[1334, 0, 1805617, 26321]","[77384, 0, 142182658151, 31859633]","[58.0, 0.0, 78505.08695652174, 1144.391304347826]",4345.295693667485
243,64.5,0.0,67202.0,1160.4,10,"[645, 0, 672020, 11604]","[41607, 0, 45236910026, 14279756]","[64.5, 0.0, 67202.0, 1160.4]",2768.3291874342513
244,55.166666666666664,1.0,46409.166666666664,227.66666666666666,6,"[331, 6, 278455, 1366]","[18263, 6, 12934833883, 317252]","[55.166666666666664, 1.0, 46409.166666666664, 227.66666666666666]",1412.777465373359
245,58.0,0.0,51349.333333333336,1225.0,3,"[174, 0, 154048, 3675]","[10098, 0, 7926266482, 4674497]","[58.0, 0.0, 51349.333333333336, 1225.0]",2322.1404398145282
246,56.0,0.0,22507.0,570.0,1,"[56, 0, 22507, 570]","[3136, 0, 506565049, 324900]","[56.0, 0.0, 22507.0, 570.0]",0.0
247,58.0,1.0,74517.42857142857,631.4285714285714,7,"[406, 7, 521622, 4420]","[23554, 7, 39021042198, 2879888]","[58.0, 1.0, 74517.42857142857, 631.4285714285714]",4647.596174807269
248,58.125,0.0,67120.625,1753.0,8,"[465, 0, 536965, 14024]","[27043, 0, 36177124101, 25203168]","[58.125, 0.0, 67120.625, 1753.0]",4127.9051701498665
249,58.0,0.0,43188.5,476.0,2,"[116, 0, 86377, 952]","[6730, 0, 3753906389, 453314]","[58.0, 0.0, 43188.5, 476.0]",3421.5119830273866
250,55.0,1.0,58401.0,96.0,1,"[55, 1, 58401, 96]","[3025, 1, 3410676801, 9216]","[55.0, 1.0, 58401.0, 96.0]",0.0
251,51.0,0.0,42523.0,125.0,2,"[102, 0, 85046, 250]","[5202, 0, 3616411058, 31250]","[51.0, 0.0, 42523.0, 125.0]",0.0
252,51.0,0.0,32679.5,552.5,2,"[102, 0, 65359, 1105]","[5204, 0, 2135903953, 611617]","[51.0, 0.0, 32679.5, 552.5]",53.00471677124593
253,55.0,0.0,49667.0,1396.0,1,"[55, 0, 49667, 1396]","[3025, 0, 2466810889, 1948816]","[55.0, 0.0, 49667.0, 1396.0]",0.0
254,59.285714285714285,0.0,88224.71428571429,1889.5714285714287,7,"[415, 0, 617573, 13227]","[24607, 0, 54625466791, 25750471]","[59.285714285714285, 0.0, 88224.71428571429, 1889.5714285714287]",4488.436389711761
255,56.0,0.0,33051.0,835.0,1,"[56, 0, 33051, 835]","[3136, 0, 1092368601, 697225]","[56.0, 0.0, 33051.0, 835.0]",0.0
256,65.0,0.0,113734.0,277.0,1,"[65, 0, 113734, 277]","[4225, 0, 12935422756, 76729]","[65.0, 0.0, 113734.0, 277.0]",0.0
257,63.0,1.0,67472.0,414.0,1,"[63, 1, 67472, 414]","[3969, 1, 4552470784, 171396]","[63.0, 1.0, 67472.0, 414.0]",0.0
258,70.0,0.0,51141.0,157.0,1,"[70, 0, 51141, 157]","[4900, 0, 2615401881, 24649]","[70.0, 0.0, 51141.0, 157.0]",0.0
259,57.0,1.0,68872.33333333333,289.3333333333333,3,"[171, 3, 206617, 868]","[9749, 3, 14235574339, 254646]","[57.0, 1.0, 68872.33333333333, 289.3333333333333]",1339.520975739158
260,62.6,1.0,68162.0,950.6,5,"[313, 5, 340810, 4753]","[19595, 5, 23344841276, 4630879]","[62.6, 1.0, 68162.0, 950.6]",4788.793885729455
261,62.0,0.0,42192.0,100.0,1,"[62, 0, 42192, 100]","[3844, 0, 1780164864, 10000]","[62.0, 0.0, 42192.0, 100.0]",0.0
262,61.0,0.0,156924.0,8.0,1,"[61, 0, 156924, 8]","[3721, 0, 24625141776, 64]","[61.0, 0.0, 156924.0, 8.0]",0.0
263,55.75,2.0,45698.75,25.75,4,"[223, 8, 182795, 103]","[12435, 16, 8356784921, 2723]","[55.75, 2.0, 45698.75, 25.75]",905.8129290863538
264,46.84615384615385,1.0,26226.46153846154,78.07692307692308,13,"[609, 13, 340944, 1015]","[28543, 13, 8976134036, 82249]","[46.84615384615385, 1.0, 26226.46153846154, 78.07692307692308]",1626.2828745841211
265,58.0,1.0,21994.0,22.0,2,"[116, 2, 43988, 44]","[6728, 2, 967472072, 968]","[58.0, 1.0, 21994.0, 22.0]",0.0
266,47.21052631578947,1.0,33330.15789473684,65.42105263157895,19,"[897, 19, 633273, 1243]","[42367, 19, 21167890023, 83901]","[47.21052631578947, 1.0, 33330.15789473684, 65.42105263157895]",1788.9065215757628
267,48.666666666666664,2.0,30670.0,14.333333333333334,3,"[146, 6, 92010, 43]","[7106, 12, 2828844356, 665]","[48.666666666666664, 2.0, 30670.0, 14.333333333333334]",1516.3228914420145
268,48.6,1.0,32636.8,16.4,5,"[243, 5, 163184, 82]","[11811, 5, 5412364042, 1394]","[48.6, 1.0, 32636.8, 16.4]",4160.781686173896
269,49.0,0.0,29802.5,17.0,2,"[98, 0, 59605, 34]","[4802, 0, 1800550117, 580]","[49.0, 0.0, 29802.5, 17.0]",3476.5001438228073
270,44.833333333333336,1.0,30415.333333333332,21.166666666666668,6,"[269, 6, 182492, 127]","[12063, 6, 5606748926, 2879]","[44.833333333333336, 1.0, 30415.333333333332, 21.166666666666668]",3060.3406400813424
271,55.0,2.0,29682.25,48.75,4,"[220, 8, 118729, 195]","[12100, 16, 3528827341, 9593]","[55.0, 2.0, 29682.25, 48.75]",1082.0775734668935
272,45.81818181818182,1.0,39206.0,22.545454545454547,11,"[504, 11, 431266, 248]","[23114, 11, 17024063174, 5774]","[45.81818181818182, 1.0, 39206.0, 22.545454545454547]",3245.256431437298
273,47.0,1.0,26546.85714285714,34.714285714285715,7,"[329, 7, 185828, 243]","[15467, 7, 4950316368, 8807]","[47.0, 1.0, 26546.85714285714, 34.714285714285715]",1566.040242400038
274,54.333333333333336,1.0,47109.666666666664,86.33333333333333,3,"[163, 3, 141329, 259]","[8859, 3, 6690469859, 22729]","[54.333333333333336, 1.0, 47109.666666666664, 86.33333333333333]",3291.8156084446928
275,55.666666666666664,1.0,34785.666666666664,48.0,3,"[167, 3, 104357, 144]","[9301, 3, 3676682761, 6998]","[55.666666666666664, 1.0, 34785.666666666664, 48.0]",3939.3330794832896
276,47.3125,1.0,43126.125,69.3125,16,"[757, 16, 690018, 1109]","[35833, 16, 29870694496, 80585]","[47.3125, 1.0, 43126.125, 69.3125]",2656.309830208536
277,49.0,0.0,27038.0,107.0,1,"[49, 0, 27038, 107]","[2401, 0, 731053444, 11449]","[49.0, 0.0, 27038.0, 107.0]",0.0
278,42.0,2.0,27159.0,21.0,1,"[42, 2, 27159, 21]","[1764, 4, 737611281, 441]","[42.0, 2.0, 27159.0, 21.0]",0.0
279,46.0,2.0,33581.0,17.0,1,"[46, 2, 33581, 17]","[2116, 4, 1127683561, 289]","[46.0, 2.0, 33581.0, 17.0]",0.0
280,54.0,1.0,48330.0,32.0,1,"[54, 1, 48330, 32]","[2916, 1, 2335788900, 1024]","[54.0, 1.0, 48330.0, 32.0]",0.0
281,44.5,0.0,26418.5,73.0,2,"[89, 0, 52837, 146]","[3961, 0, 1396285609, 10660]","[44.5, 0.0, 26418.5, 73.0]",453.50137816769643
282,41.0,2.0,26751.0,11.0,1,"[41, 2, 26751, 11]","[1681, 4, 715616001, 121]","[41.0, 2.0, 26751.0, 11.0]",0.0
283,56.333333333333336,1.0,31100.666666666668,22.333333333333332,3,"[169, 3, 93302, 67]","[9521, 3, 2930527262, 1609]","[56.333333333333336, 1.0, 31100.666666666668, 22.333333333333332]",3096.9325684188284
284,48.53846153846154,1.0,36158.38461538462,110.84615384615384,13,"[631, 13, 470059, 1441]","[30649, 13, 17078119813, 166399]","[48.53846153846154, 1.0, 36158.38461538462, 110.84615384615384]",2504.6478333751306
285,42.25,1.0,43148.0,19.25,4,"[169, 4, 172592, 77]","[7143, 4, 7458218602, 1515]","[42.25, 1.0, 43148.0, 19.25]",1674.7403903291997
286,52.75,1.0,32697.5,127.5,4,"[211, 4, 130790, 510]","[11131, 4, 4282729708, 68442]","[52.75, 1.0, 32697.5, 127.5]",1247.707973646077
287,49.0,1.0,32402.571428571428,39.714285714285715,7,"[343, 7, 226818, 278]","[16807, 7, 7391097194, 11342]","[49.0, 1.0, 32402.571428571428, 39.714285714285715]",2438.12132426523
288,44.6875,1.0,31136.0,45.875,16,"[715, 16, 498176, 734]","[31963, 16, 15552209028, 34446]","[44.6875, 1.0, 31136.0, 45.875]",1600.8177048679684
289,58.0,1.0,47640.0,37.0,3,"[174, 3, 142920, 111]","[10092, 3, 6901605734, 4145]","[58.0, 1.0, 47640.0, 37.0]",5564.67944569435
290,55.0,1.0,19740.0,55.0,1,"[55, 1, 19740, 55]","[3025, 1, 389667600, 3025]","[55.0, 1.0, 19740.0, 55.0]",0.0
291,41.714285714285715,1.0,29718.428571428572,23.428571428571427,7,"[292, 7, 208029, 164]","[12188, 7, 6195321021, 4050]","[41.714285714285715, 1.0, 29718.428571428572, 23.428571428571427]",1364.1459315076645
292,49.0,1.0,51157.666666666664,111.0,3,"[147, 3, 153473, 333]","[7205, 3, 7857508819, 37365]","[49.0, 1.0, 51157.666666666664, 111.0]",1436.2737281669142
293,55.0,0.0,39228.0,20.0,1,"[55, 0, 39228, 20]","[3025, 0, 1538835984, 400]","[55.0, 0.0, 39228.0, 20.0]",0.0
294,61.5,1.0,26839.0,37.5,2,"[123, 2, 53678, 75]","[7569, 2, 1445050564, 2873]","[61.5, 1.0, 26839.0, 37.5]",1481.0109722753575
295,44.0,1.0,44092.5,37.0,4,"[176, 4, 176370, 148]","[7746, 4, 7788093822, 5688]","[44.0, 1.0, 44092.5, 37.0]",1695.5685624592124
296,63.0,0.0,27929.0,22.5,2,"[126, 0, 55858, 45]","[7938, 0, 1560481282, 1073]","[63.0, 0.0, 27929.0, 22.5]",460.0328792597329
297,54.666666666666664,0.0,30733.0,44.0,3,"[164, 0, 92199, 132]","[8968, 0, 2870573403, 5814]","[54.666666666666664, 0.0, 30733.0, 44.0]",3512.9069001168946
298,57.5,0.0,23405.5,63.5,2,"[115, 0, 46811, 127]","[6613, 0, 1095670505, 8677]","[57.5, 0.0, 23405.5, 63.5]",134.64304660843055
300,41.72727272727273,1.0,30096.18181818182,53.59090909090909,22,"[918, 22, 662116, 1179]","[38326, 22, 19965742526, 65535]","[41.72727272727273, 1.0, 30096.18181818182, 53.59090909090909]",1324.2729901644932
301,40.0,1.0,34565.769230769234,146.76923076923077,13,"[520, 13, 449355, 1908]","[20804, 13, 15696531507, 285896]","[40.0, 1.0, 34565.769230769234, 146.76923076923077]",3554.3704258644743
302,41.416666666666664,1.0,42098.75,82.41666666666667,12,"[497, 12, 505185, 989]","[20593, 12, 21345891867, 85519]","[41.416666666666664, 1.0, 42098.75, 82.41666666666667]",2553.410563725396
303,41.857142857142854,1.0,24123.571428571428,94.57142857142857,7,"[293, 7, 168865, 662]","[12269, 7, 4081329851, 63946]","[41.857142857142854, 1.0, 24123.571428571428, 94.57142857142857]",1049.1020844863192
304,39.0,1.0,34320.0,17.0,1,"[39, 1, 34320, 17]","[1521, 1, 1177862400, 289]","[39.0, 1.0, 34320.0, 17.0]",0.0
305,48.625,1.0,50819.0,165.625,8,"[389, 8, 406552, 1325]","[18923, 8, 20729542632, 224437]","[48.625, 1.0, 50819.0, 165.625]",2936.442059491384
306,46.30769230769231,1.0,39877.230769230766,173.23076923076923,13,"[602, 13, 518404, 2252]","[27888, 13, 20780121640, 406778]","[46.30769230769231, 1.0, 39877.230769230766, 173.23076923076923]",2877.263301560903
307,49.0,0.0,49605.0,127.0,1,"[49, 0, 49605, 127]","[2401, 0, 2460656025, 16129]","[49.0, 0.0, 49605.0, 127.0]",0.0
308,37.42857142857143,1.0,38674.42857142857,91.28571428571429,7,"[262, 7, 270721, 639]","[9828, 7, 10516722435, 61167]","[37.42857142857143, 1.0, 38674.42857142857, 91.28571428571429]",2584.16371819763
309,48.125,1.0,42606.875,459.375,8,"[385, 8, 340855, 3675]","[18531, 8, 14543978771, 1776279]","[48.125, 1.0, 42606.875, 459.375]",1631.7349518610552
310,43.0625,1.0,41287.0625,191.3125,16,"[689, 16, 660593, 3061]","[29699, 16, 27383968075, 605777]","[43.0625, 1.0, 41287.0625, 191.3125]",2622.5440333827096
311,40.375,1.0,56834.625,348.625,8,"[323, 8, 454677, 2789]","[13045, 8, 25912326035, 1043565]","[40.375, 1.0, 56834.625, 348.625]",2979.104261875539
312,42.333333333333336,0.0,33612.0,71.0,3,"[127, 0, 100836, 213]","[5381, 0, 3404754920, 16085]","[42.333333333333336, 0.0, 33612.0, 71.0]",2269.8204530070147
313,38.8,1.0,35571.2,37.0,5,"[194, 5, 177856, 185]","[7532, 5, 6342625306, 6909]","[38.8, 1.0, 35571.2, 37.0]",1792.9878750287824
314,40.588235294117645,1.0,45786.17647058824,357.5882352941176,17,"[690, 17, 778365, 6079]","[28010, 17, 35835249869, 2291519]","[40.588235294117645, 1.0, 45786.17647058824, 357.5882352941176]",3404.2392663704945
315,40.888888888888886,1.0,35330.11111111111,27.11111111111111,9,"[368, 9, 317971, 244]","[15050, 9, 11249616655, 6742]","[40.888888888888886, 1.0, 35330.11111111111, 27.11111111111111]",1319.344309650644
316,43.05882352941177,1.0,36897.529411764706,55.11764705882353,17,"[732, 17, 627258, 937]","[31540, 17, 23185225708, 52905]","[43.05882352941177, 1.0, 36897.529411764706, 55.11764705882353]",1552.161395132535
317,36.0,1.0,42387.0,684.0,1,"[36, 1, 42387, 684]","[1296, 1, 1796657769, 467856]","[36.0, 1.0, 42387.0, 684.0]",0.0
318,42.4,1.0,33284.2,103.2,10,"[424, 10, 332842, 1032]","[17988, 10, 11124127684, 112022]","[42.4, 1.0, 33284.2, 103.2]",2139.0071902637983
319,36.333333333333336,1.0,29247.0,37.333333333333336,6,"[218, 6, 175482, 224]","[7922, 6, 5136911304, 8700]","[36.333333333333336, 1.0, 29247.0, 37.333333333333336]",874.6035927461335
320,41.93333333333333,1.0,36159.666666666664,379.4,15,"[629, 15, 542395, 5691]","[26401, 15, 19730478199, 2242525]","[41.93333333333333, 1.0, 36159.666666666664, 379.4]",2801.6564370228125
321,46.5,1.0,54847.5,42.5,2,"[93, 2, 109695, 85]","[4325, 2, 6017520393, 3613]","[46.5, 1.0, 54847.5, 42.5]",715.5003494059245
322,40.0,1.0,25793.6,194.0,5,"[200, 5, 128968, 970]","[8010, 5, 3340678592, 193470]","[40.0, 1.0, 25793.6, 194.0]",1681.3617814141182
323,44.8,1.0,51213.4,188.0,5,"[224, 5, 256067, 940]","[10040, 5, 13158583453, 186904]","[44.8, 1.0, 51213.4, 188.0]",2984.3573512567095
324,46.25,0.0,27080.5,329.25,4,"[185, 0, 108322, 1317]","[8561, 0, 2945197700, 460243]","[46.25, 0.0, 27080.5, 329.25]",1718.313453651574
325,46.75,1.0,29338.0,251.5,4,"[187, 4, 117352, 1006]","[8747, 4, 3448567898, 271748]","[46.75, 1.0, 29338.0, 251.5]",1195.1637701587176
326,36.5,1.0,45655.5,119.5,2,"[73, 2, 91311, 239]","[2665, 2, 4169257065, 28621]","[36.5, 1.0, 45655.5, 119.5]",451.5337750379256
327,41.5,0.0,39599.0,135.0,2,"[83, 0, 79198, 270]","[3445, 0, 3163883060, 36522]","[41.5, 0.0, 39599.0, 135.0]",3723.0048683825275
328,35.0,1.0,34412.0,209.0,1,"[35, 1, 34412, 209]","[1225, 1, 1184185744, 43681]","[35.0, 1.0, 34412.0, 209.0]",0.0
329,44.5,1.0,58371.0,75.0,2,"[89, 2, 116742, 150]","[3961, 2, 6818974164, 11538]","[44.5, 1.0, 58371.0, 75.0]",1521.0474187217176
330,37.833333333333336,1.0,32318.166666666668,81.83333333333333,6,"[227, 6, 193909, 491]","[8599, 6, 6285525021, 40911]","[37.833333333333336, 1.0, 32318.166666666668, 81.83333333333333]",1767.407824093402
331,36.5,0.0,30241.5,74.5,2,"[73, 0, 60483, 149]","[2669, 0, 1829140749, 11161]","[36.5, 0.0, 30241.5, 74.5]",148.60938732125908
332,33.0,0.0,37513.333333333336,171.66666666666666,3,"[99, 0, 112540, 515]","[3267, 0, 4261637350, 95619]","[33.0, 0.0, 37513.333333333336, 171.66666666666666]",3646.6435404507115
333,36.0,0.0,33996.0,71.0,2,"[72, 0, 67992, 142]","[2592, 0, 2311456032, 10082]","[36.0, 0.0, 33996.0, 71.0]",0.0
334,39.0,0.0,41570.25,205.0,4,"[156, 0, 166281, 820]","[6086, 0, 6944858603, 176236]","[39.0, 0.0, 41570.25, 205.0]",2851.4908710181767
335,33.75,0.0,48155.0,530.75,4,"[135, 0, 192620, 2123]","[4557, 0, 9318827420, 1223877]","[33.75, 0.0, 48155.0, 530.75]",3290.456484289072
336,40.0,0.0,153924.0,6.0,1,"[40, 0, 153924, 6]","[1600, 0, 23692597776, 36]","[40.0, 0.0, 153924.0, 6.0]",0.0
337,42.6,0.0,36412.6,543.0,5,"[213, 0, 182063, 2715]","[9079, 0, 6678974939, 1590243]","[42.6, 0.0, 36412.6, 543.0]",3152.8954438737674
338,30.0,0.0,34824.0,23.0,2,"[60, 0, 69648, 46]","[1800, 0, 2425421952, 1058]","[30.0, 0.0, 34824.0, 23.0]",0.0
339,31.22222222222222,0.0,78965.11111111111,1174.7777777777778,9,"[281, 0, 710686, 10573]","[8783, 0, 56314039722, 12693385]","[31.22222222222222, 0.0, 78965.11111111111, 1174.7777777777778]",4653.711016191595
340,33.25,0.0,68537.25,1450.25,8,"[266, 0, 548298, 11602]","[8850, 0, 37717068434, 17145194]","[33.25, 0.0, 68537.25, 1450.25]",4161.591229625995
341,36.0,1.0,38683.0,341.0,1,"[36, 1, 38683, 341]","[1296, 1, 1496374489, 116281]","[36.0, 1.0, 38683.0, 341.0]",0.0
342,41.5,0.0,61235.0,435.0,2,"[83, 0, 122470, 870]","[3445, 0, 7533646900, 379802]","[41.5, 0.0, 61235.0, 435.0]",4135.081770654602
343,34.333333333333336,0.0,91611.83333333333,2121.8333333333335,6,"[206, 0, 549671, 12731]","[7078, 0, 50399165547, 27693957]","[34.333333333333336, 0.0, 91611.83333333333, 2121.8333333333335]",2691.91409595491
344,38.0,0.0,45187.666666666664,852.0,3,"[114, 0, 135563, 2556]","[4332, 0, 6186742969, 2415318]","[38.0, 0.0, 45187.666666666664, 852.0]",4516.817414458502
345,37.61538461538461,0.0,73008.92307692308,1362.4615384615386,13,"[489, 0, 949116, 17712]","[18399, 0, 69874901984, 24709512]","[37.61538461538461, 0.0, 73008.92307692308, 1362.4615384615386]",6688.351223932172
346,35.5,1.0,57849.5,757.5,2,"[71, 2, 115699, 1515]","[2521, 2, 6780236101, 1152125]","[35.5, 1.0, 57849.5, 757.5]",6599.670957706907
347,40.75,0.0,67272.75,1108.0,12,"[489, 0, 807273, 13296]","[19939, 0, 54601734145, 15889014]","[40.75, 0.0, 67272.75, 1108.0]",4961.6570862632525
348,37.0,1.0,58080.0,292.5,2,"[74, 2, 116160, 585]","[2740, 2, 6748493600, 171797]","[37.0, 1.0, 58080.0, 292.5]",980.1751119060308
349,38.75,0.0,82973.0,1998.125,8,"[310, 0, 663784, 15985]","[12022, 0, 55189475642, 32563645]","[38.75, 0.0, 82973.0, 1998.125]",3774.0799603181435
350,39.0,0.0,80380.33333333333,570.0,3,"[117, 0, 241141, 1710]","[4565, 0, 19473745021, 1039394]","[39.0, 0.0, 80380.33333333333, 570.0]",5501.992265433461
351,56.833333333333336,0.0,66019.83333333333,1261.0,12,"[682, 0, 792238, 15132]","[38778, 0, 52425817280, 19318870]","[56.833333333333336, 0.0, 66019.83333333333, 1261.0]",3196.7952094420834
352,49.6,0.0,73592.6,949.9333333333333,15,"[744, 0, 1103889, 14249]","[36914, 0, 81624074399, 14026819]","[49.6, 0.0, 73592.6, 949.9333333333333]",5076.114052654298
353,43.0,0.0,37040.0,316.0,1,"[43, 0, 37040, 316]","[1849, 0, 1371961600, 99856]","[43.0, 0.0, 37040.0, 316.0]",0.0
354,48.69230769230769,0.0,81426.30769230769,1692.2307692307693,26,"[1266, 0, 2117084, 43998]","[61666, 0, 173662499394, 76758176]","[48.69230769230769, 0.0, 81426.30769230769, 1692.2307692307693]",7012.268445902346
355,54.51282051282051,0.0,80756.69230769231,1300.6923076923076,39,"[2126, 0, 3149511, 50727]","[115928, 0, 255432796505, 69906573]","[54.51282051282051, 0.0, 80756.69230769231, 1300.6923076923076]",5293.033995828667
356,43.84615384615385,0.0,83421.46153846153,1773.3653846153845,52,"[2280, 0, 4337916, 92215]","[100046, 0, 364204955850, 168334173]","[43.84615384615385, 0.0, 83421.46153846153, 1773.3653846153845]",6700.267589016423
357,35.875,0.0,84745.75,948.75,8,"[287, 0, 677966, 7590]","[10313, 0, 57572921754, 7439970]","[35.875, 0.0, 84745.75, 948.75]",3847.4599392813698
358,59.714285714285715,0.0,80740.14285714286,1101.2857142857142,7,"[418, 0, 565181, 7709]","[24964, 0, 45694235731, 8659909]","[59.714285714285715, 0.0, 80740.14285714286, 1101.2857142857142]",2966.7478999809373
359,42.333333333333336,0.0,53424.333333333336,400.6666666666667,3,"[127, 0, 160273, 1202]","[5377, 0, 8626805729, 482124]","[42.333333333333336, 0.0, 53424.333333333336, 400.6666666666667]",4630.625443717057
360,36.111111111111114,0.0,69958.88888888889,1668.4444444444443,9,"[325, 0, 629630, 15016]","[11743, 0, 44196071882, 25765814]","[36.111111111111114, 0.0, 69958.88888888889, 1668.4444444444443]",4062.9645717272165
361,46.0,1.0,40788.666666666664,547.3333333333334,3,"[138, 3, 122366, 1642]","[6354, 3, 5019668966, 903322]","[46.0, 1.0, 40788.666666666664, 547.3333333333334]",3083.6983928033756
362,41.46153846153846,0.0,75861.0,1407.423076923077,26,"[1078, 0, 1972386, 36593]","[44720, 0, 150317267010, 53864123]","[41.46153846153846, 0.0, 75861.0, 1407.423076923077]",5160.705746338964
363,44.08,0.0,70628.72,1036.84,25,"[1102, 0, 1765718, 25921]","[48606, 0, 125370324828, 28304805]","[44.08, 0.0, 70628.72, 1036.84]",5143.3510953074165
364,46.74074074074074,0.0,70247.48148148147,1329.5925925925926,27,"[1262, 0, 1896682, 35899]","[59000, 0, 133976615736, 49796805]","[46.74074074074074, 0.0, 70247.48148148147, 1329.5925925925926]",5240.680753222978
365,32.0,0.0,89528.5,1820.0,2,"[64, 0, 179057, 3640]","[2050, 0, 16102716625, 6682600]","[32.0, 0.0, 89528.5, 1820.0]",6002.907732924104
366,40.75,1.0,65739.5,457.25,4,"[163, 4, 262958, 1829]","[6643, 4, 17287546882, 853191]","[40.75, 1.0, 65739.5, 457.25]",457.25334881223125
367,37.75,1.0,41765.25,349.25,4,"[151, 4, 167061, 1397]","[5703, 4, 7018643691, 504283]","[37.75, 1.0, 41765.25, 349.25]",3213.8623278696928
368,46.53846153846154,1.0,63631.769230769234,664.2307692307693,13,"[605, 13, 827213, 8635]","[28167, 13, 52994091401, 5894281]","[46.53846153846154, 1.0, 63631.769230769234, 664.2307692307693]",5242.01473192361
369,42.55555555555556,1.0,47387.555555555555,432.44444444444446,9,"[383, 9, 426488, 3892]","[16301, 9, 20265556582, 1707686]","[42.55555555555556, 1.0, 47387.555555555555, 432.44444444444446]",2480.0851837222303
370,40.0,1.0,79885.2,1626.0,5,"[200, 5, 399426, 8130]","[8002, 5, 31969081262, 13582132]","[40.0, 1.0, 79885.2, 1626.0]",3499.08904716637
371,47.25,1.0,61945.4,1229.1,20,"[945, 20, 1238908, 24582]","[44691, 20, 76990140316, 30546890]","[47.25, 1.0, 61945.4, 1229.1]",3505.865701577838
372,54.833333333333336,1.0,65100.583333333336,1394.5,12,"[658, 12, 781207, 16734]","[36092, 12, 51000373235, 24133836]","[54.833333333333336, 1.0, 65100.583333333336, 1394.5]",3465.786533906926
373,52.666666666666664,1.0,78701.0,1502.3333333333333,3,"[158, 3, 236103, 4507]","[8322, 3, 18633508209, 6877509]","[52.666666666666664, 1.0, 78701.0, 1502.3333333333333]",4166.233284128216
374,40.09090909090909,0.0,91823.63636363637,1608.4545454545455,11,"[441, 0, 1010060, 17693]","[17693, 0, 93187914990, 29713579]","[40.09090909090909, 0.0, 91823.63636363637, 1608.4545454545455]",6337.392998428305
375,51.35294117647059,0.0,74646.88235294117,1618.5882352941176,17,"[873, 0, 1268997, 27516]","[44851, 0, 95282048207, 45542914]","[51.35294117647059, 0.0, 74646.88235294117, 1618.5882352941176]",5720.881779857072
376,51.0,1.0,61815.5,905.75,8,"[408, 8, 494524, 7246]","[20812, 8, 30620002110, 6760892]","[51.0, 1.0, 61815.5, 905.75]",2523.6783546046436
377,96.0,0.0,83532.0,1853.0,1,"[96, 0, 83532, 1853]","[9216, 0, 6977595024, 3433609]","[96.0, 0.0, 83532.0, 1853.0]",0.0
378,66.6,0.0,73305.4,1158.0,5,"[333, 0, 366527, 5790]","[22179, 0, 27114205439, 7281194]","[66.6, 0.0, 73305.4, 1158.0]",7019.593555185464
379,56.7,0.0,85680.1,1820.45,20,"[1134, 0, 1713602, 36409]","[64320, 0, 147659903678, 67491269]","[56.7, 0.0, 85680.1, 1820.45]",6478.902240927736
380,40.0,1.0,59690.25,1401.5,4,"[160, 4, 238761, 5606]","[6400, 4, 14297886653, 7891338]","[40.0, 1.0, 59690.25, 1401.5]",3399.1690804518685
381,69.0,0.0,93027.0,2119.0,1,"[69, 0, 93027, 2119]","[4761, 0, 8654022729, 4490161]","[69.0, 0.0, 93027.0, 2119.0]",0.0
382,36.0,1.0,75433.0,1188.0,1,"[36, 1, 75433, 1188]","[1296, 1, 5690137489, 1411344]","[36.0, 1.0, 75433.0, 1188.0]",0.0
383,48.0,0.0,50353.0,442.0,1,"[48, 0, 50353, 442]","[2304, 0, 2535424609, 195364]","[48.0, 0.0, 50353.0, 442.0]",0.0
384,43.0,0.0,160803.0,1717.0,1,"[43, 0, 160803, 1717]","[1849, 0, 25857604809, 2948089]","[43.0, 0.0, 160803.0, 1717.0]",0.0
385,46.0,0.0,54165.0,236.0,1,"[46, 0, 54165, 236]","[2116, 0, 2933847225, 55696]","[46.0, 0.0, 54165.0, 236.0]",0.0
386,44.75,0.0,50977.75,1022.25,8,"[358, 0, 407822, 8178]","[16030, 0, 20975434284, 8582894]","[44.75, 0.0, 50977.75, 1022.25]",4819.352478549375
387,50.333333333333336,0.0,59775.333333333336,484.6666666666667,3,"[151, 0, 179326, 1454]","[7601, 0, 10740183244, 782634]","[50.333333333333336, 0.0, 59775.333333333336, 484.6666666666667]",2645.1054169289305
388,48.0,0.0,157146.0,1730.0,1,"[48, 0, 157146, 1730]","[2304, 0, 24694865316, 2992900]","[48.0, 0.0, 157146.0, 1730.0]",0.0
389,48.0,1.0,666666.0,62.0,1,"[48, 1, 666666, 62]","[2304, 1, 444443555556, 3844]","[48.0, 1.0, 666666.0, 62.0]",0.0
