CF_Label,Age,Marital_Status,Education,Children,Income,Total_Spent,N,LS,SS,Centroid,Radius
0,43.41935483870968,1.5806451612903225,3.6451612903225805,1.0,55802.645161290326,466.48387096774195,31,"[1346, 49, 113, 31, 1729882, 14461]","[58580, 85, 419, 31, 98023229596, 7899847]","[43.41935483870968, 1.5806451612903225, 3.6451612903225805, 1.0, 55802.645161290326, 466.48387096774195]",6938.421208892413
1,44.05882352941177,3.5294117647058822,1.0,1.7647058823529411,40808.705882352944,108.58823529411765,17,"[749, 60, 17, 30, 693748, 1846]","[33065, 216, 17, 56, 29074277148, 345796]","[44.05882352941177, 3.5294117647058822, 1.0, 1.7647058823529411, 40808.705882352944, 108.58823529411765]",6701.468117827304
2,43.274193548387096,1.9838709677419355,3.5,1.0,34175.27419354839,87.6774193548387,62,"[2683, 123, 217, 62, 2118867, 5436]","[116565, 245, 775, 62, 76125606019, 950640]","[43.274193548387096, 1.9838709677419355, 3.5, 1.0, 34175.27419354839, 87.6774193548387]",7738.904457673251
3,59.083333333333336,3.4166666666666665,3.75,2.0,44223.416666666664,137.75,12,"[709, 41, 45, 24, 530681, 1653]","[41913, 143, 171, 48, 24382501741, 348793]","[59.083333333333336, 3.4166666666666665, 3.75, 2.0, 44223.416666666664, 137.75]",8727.809391298222
4,33.666666666666664,2.6666666666666665,2.6666666666666665,0.0,9819.333333333334,60.666666666666664,3,"[101, 8, 8, 0, 29458, 182]","[3433, 22, 22, 0, 297326882, 16684]","[33.666666666666664, 2.6666666666666665, 2.6666666666666665, 0.0, 9819.333333333334, 60.666666666666664]",1640.5931176796319
5,45.61290322580645,2.096774193548387,1.064516129032258,2.0,56702.8064516129,437.0,31,"[1414, 65, 33, 62, 1757787, 13547]","[64738, 139, 37, 124, 101310953955, 7785963]","[45.61290322580645, 2.096774193548387, 1.064516129032258, 2.0, 56702.8064516129, 437.0]",7276.484619104956
6,37.5,2.75,1.25,0.0,88103.5,907.25,4,"[150, 11, 5, 0, 352414, 3629]","[5658, 31, 7, 0, 31353871506, 3370633]","[37.5, 2.75, 1.25, 0.0, 88103.5, 907.25]",8732.738892380787
7,43.125,2.0,3.75,0.0,45024.0,384.0,8,"[345, 16, 30, 0, 360192, 3072]","[14951, 32, 114, 0, 16900664052, 1256082]","[43.125, 2.0, 3.75, 0.0, 45024.0, 384.0]",9242.942932144231
8,42.666666666666664,1.6666666666666667,2.0,2.6666666666666665,32742.0,161.66666666666666,3,"[128, 5, 6, 8, 98226, 485]","[5464, 9, 12, 22, 3268189188, 93011]","[42.666666666666664, 1.6666666666666667, 2.0, 2.6666666666666665, 32742.0, 161.66666666666666]",4166.8574356328645
9,50.2,2.1,3.7,2.0,45429.63333333333,143.3,30,"[1506, 63, 111, 60, 1362889, 4299]","[76002, 135, 417, 120, 63623691747, 1151341]","[50.2, 2.1, 3.7, 2.0, 45429.63333333333, 143.3]",7546.919696288178
10,57.0,5.0,3.0,2.0,61331.0,632.0,1,"[57, 5, 3, 2, 61331, 632]","[3249, 25, 9, 4, 3761491561, 399424]","[57.0, 5.0, 3.0, 2.0, 61331.0, 632.0]",0.0
11,42.0,5.0,4.0,1.3333333333333333,44241.333333333336,299.0,3,"[126, 15, 12, 4, 132724, 897]","[5292, 75, 48, 6, 5977256848, 361953]","[42.0, 5.0, 4.0, 1.3333333333333333, 44241.333333333336, 299.0]",5929.133532350581
12,37.0,5.0,1.0,1.0,34176.0,89.0,1,"[37, 5, 1, 1, 34176, 89]","[1369, 25, 1, 1, 1167998976, 7921]","[37.0, 5.0, 1.0, 1.0, 34176.0, 89.0]",0.0
13,44.888888888888886,1.5555555555555556,3.388888888888889,2.0,57737.666666666664,562.4444444444445,18,"[808, 28, 61, 36, 1039278, 10124]","[36458, 48, 211, 72, 61005196012, 6182900]","[44.888888888888886, 1.5555555555555556, 3.388888888888889, 2.0, 57737.666666666664, 562.4444444444445]",7454.298472635525
14,57.6,3.6,3.2,1.0,50104.0,240.2,5,"[288, 18, 16, 5, 250520, 1201]","[16612, 66, 52, 5, 12654032842, 375287]","[57.6, 3.6, 3.2, 1.0, 50104.0, 240.2]",4518.087958417819
15,52.13333333333333,3.1333333333333333,1.3333333333333333,1.0,60440.933333333334,847.6666666666666,15,"[782, 47, 20, 15, 906614, 12715]","[40938, 149, 30, 15, 55761618934, 11264347]","[52.13333333333333, 3.1333333333333333, 1.3333333333333333, 1.0, 60440.933333333334, 847.6666666666666]",8022.921500578496
16,47.38461538461539,3.1538461538461537,3.6153846153846154,1.0,61753.0,806.0,13,"[616, 41, 47, 13, 802789, 10478]","[29232, 131, 173, 13, 50406066651, 9305068]","[47.38461538461539, 3.1538461538461537, 3.6153846153846154, 1.0, 61753.0, 806.0]",8001.429592680752
17,52.875,2.5,1.0,3.0,33995.0,46.875,8,"[423, 20, 8, 24, 271960, 375]","[22473, 52, 8, 72, 10037314558, 25679]","[52.875, 2.5, 1.0, 3.0, 33995.0, 46.875]",9950.141756213829
18,45.125,3.0,3.1875,1.0,29987.4375,80.5,16,"[722, 48, 51, 16, 479799, 1288]","[32690, 144, 171, 16, 15513803841, 154636]","[45.125, 3.0, 3.1875, 1.0, 29987.4375, 80.5]",8388.654488820748
19,51.44444444444444,0.3333333333333333,3.6666666666666665,3.0,43115.333333333336,130.0,9,"[463, 3, 33, 27, 388038, 1170]","[24007, 3, 123, 81, 17165277986, 330934]","[51.44444444444444, 0.3333333333333333, 3.6666666666666665, 3.0, 43115.333333333336, 130.0]",6952.771599411279
20,57.96,1.8,3.64,1.0,50232.08,306.16,25,"[1449, 45, 91, 25, 1255802, 7654]","[84163, 85, 337, 25, 65326330734, 3019984]","[57.96, 1.8, 3.64, 1.0, 50232.08, 306.16]",9477.259160580137
21,42.333333333333336,1.6666666666666667,1.0,3.0,36201.333333333336,139.0,3,"[127, 5, 3, 9, 108604, 417]","[5379, 9, 3, 27, 3946224920, 124889]","[42.333333333333336, 1.6666666666666667, 1.0, 3.0, 36201.333333333336, 139.0]",2212.257067642258
22,47.16129032258065,0.3225806451612903,3.7096774193548385,2.0,38812.3870967742,82.25806451612904,31,"[1462, 10, 115, 62, 1203184, 2550]","[69374, 10, 433, 124, 49927257954, 408016]","[47.16129032258065, 0.3225806451612903, 3.7096774193548385, 2.0, 38812.3870967742, 82.25806451612904]",10205.965195374642
23,52.48148148148148,2.3333333333333335,3.5925925925925926,1.0,56121.555555555555,454.7037037037037,27,"[1417, 63, 97, 27, 1515282, 12277]","[74585, 153, 355, 27, 86271825512, 6785353]","[52.48148148148148, 2.3333333333333335, 3.5925925925925926, 1.0, 56121.555555555555, 454.7037037037037]",6757.837023989156
24,42.833333333333336,3.4166666666666665,1.1666666666666667,1.0833333333333333,63333.416666666664,818.25,12,"[514, 41, 14, 13, 760001, 9819]","[22080, 143, 18, 15, 48931430383, 8693253]","[42.833333333333336, 3.4166666666666665, 1.1666666666666667, 1.0833333333333333, 63333.416666666664, 818.25]",8157.968028934147
25,57.4,1.45,3.6,2.0,36282.5,46.9,20,"[1148, 29, 72, 40, 725650, 938]","[66018, 47, 264, 80, 27825389524, 63740]","[57.4, 1.45, 3.6, 2.0, 36282.5, 46.9]",8651.627821832146
26,58.5,1.7,3.2,2.0,63332.9,805.6,10,"[585, 17, 32, 20, 633329, 8056]","[34293, 31, 104, 40, 40624635771, 7150412]","[58.5, 1.7, 3.2, 2.0, 63332.9, 805.6]",7174.497330823922
27,66.0,4.0,3.0,0.0,45006.0,266.0,1,"[66, 4, 3, 0, 45006, 266]","[4356, 16, 9, 0, 2025540036, 70756]","[66.0, 4.0, 3.0, 0.0, 45006.0, 266.0]",0.0
28,56.111111111111114,0.5555555555555556,2.6666666666666665,2.0,51243.88888888889,190.77777777777777,9,"[505, 5, 24, 18, 461195, 1717]","[28385, 5, 66, 36, 24002237267, 545467]","[56.111111111111114, 0.5555555555555556, 2.6666666666666665, 2.0, 51243.88888888889, 190.77777777777777]",6403.383528829393
29,61.0,2.5,4.0,3.0,49752.0,161.0,2,"[122, 5, 8, 6, 99504, 322]","[7444, 13, 32, 18, 4994327808, 82100]","[61.0, 2.5, 4.0, 3.0, 49752.0, 161.0]",4681.616200629864
30,54.642857142857146,3.2857142857142856,1.2142857142857142,2.0,40528.92857142857,133.42857142857142,14,"[765, 46, 17, 28, 567405, 1868]","[41925, 154, 23, 56, 24639224079, 610240]","[54.642857142857146, 3.2857142857142856, 1.2142857142857142, 2.0, 40528.92857142857, 133.42857142857142]",10834.035281680312
31,51.0,3.5,3.0,2.0,50055.5,323.0,2,"[102, 7, 6, 4, 100111, 646]","[5204, 25, 18, 8, 5014667941, 210458]","[51.0, 3.5, 3.0, 2.0, 50055.5, 323.0]",1334.8376305753445
32,50.5,3.75,4.0,1.0,51656.5,1180.0,4,"[202, 15, 16, 4, 206626, 4720]","[10260, 57, 64, 4, 10705916570, 5580696]","[50.5, 3.75, 4.0, 1.0, 51656.5, 1180.0]",2843.9302360465877
33,43.77777777777778,2.111111111111111,3.888888888888889,1.0,63616.666666666664,998.2222222222222,9,"[394, 19, 35, 9, 572550, 8984]","[17294, 41, 137, 9, 36913560864, 9104424]","[43.77777777777778, 2.111111111111111, 3.888888888888889, 1.0, 63616.666666666664, 998.2222222222222]",7378.458186496451
34,43.23076923076923,2.8461538461538463,3.5384615384615383,2.0,44719.692307692305,198.0,13,"[562, 37, 46, 26, 581356, 2574]","[24376, 107, 166, 52, 27444856692, 836816]","[43.23076923076923, 2.8461538461538463, 3.5384615384615383, 2.0, 44719.692307692305, 198.0]",10550.692649519067
35,52.4,2.0,3.8,2.0,20742.0,32.6,5,"[262, 10, 19, 10, 103710, 163]","[13756, 20, 73, 20, 2628783770, 6709]","[52.4, 2.0, 3.8, 2.0, 20742.0, 32.6]",9773.76460940205
36,47.42307692307692,1.0,3.6153846153846154,1.0,37747.53846153846,133.23076923076923,26,"[1233, 26, 94, 26, 981436, 3464]","[58667, 26, 346, 26, 38459533382, 822530]","[47.42307692307692, 1.0, 3.6153846153846154, 1.0, 37747.53846153846, 133.23076923076923]",7372.249013848448
37,51.2,2.0,3.4,3.0,48062.0,210.0,5,"[256, 10, 17, 15, 240310, 1050]","[13144, 20, 59, 45, 12243939220, 356720]","[51.2, 2.0, 3.4, 3.0, 48062.0, 210.0]",11783.85554901281
38,60.0,4.0,3.8,1.0,63299.8,586.4,5,"[300, 20, 19, 5, 316499, 2932]","[18004, 80, 73, 5, 20490485637, 1773870]","[60.0, 4.0, 3.8, 1.0, 63299.8, 586.4]",9552.138889274991
39,60.75,1.25,4.0,3.0,66953.75,805.25,4,"[243, 5, 16, 12, 267815, 3221]","[14805, 7, 64, 36, 18023880497, 3159229]","[60.75, 1.25, 4.0, 3.0, 66953.75, 805.25]",4827.71951857189
40,53.75,2.5,3.5,0.0,45787.0,256.5,4,"[215, 10, 14, 0, 183148, 1026]","[11611, 26, 50, 0, 8522907362, 455014]","[53.75, 2.5, 3.5, 0.0, 45787.0, 256.5]",5858.792276356962
41,43.65,2.05,2.45,2.0,38895.1,68.7,20,"[873, 41, 49, 40, 777902, 1374]","[38217, 85, 125, 80, 32239362844, 154814]","[43.65, 2.05, 2.45, 2.0, 38895.1, 68.7]",9957.025912515246
42,55.57142857142857,1.7857142857142858,1.0,2.0,58066.21428571428,588.0,14,"[778, 25, 14, 28, 812927, 8232]","[43352, 49, 14, 56, 47760976513, 5858288]","[55.57142857142857, 1.7857142857142858, 1.0, 2.0, 58066.21428571428, 588.0]",6315.520146788422
43,46.0,2.0,4.0,2.0,94871.0,1078.0,1,"[46, 2, 4, 2, 94871, 1078]","[2116, 4, 16, 4, 9000506641, 1162084]","[46.0, 2.0, 4.0, 2.0, 94871.0, 1078.0]",0.0
44,55.0,3.5,3.5,2.0,68922.5,1722.5,2,"[110, 7, 7, 4, 137845, 3445]","[6082, 25, 25, 8, 9546366625, 5935525]","[55.0, 3.5, 3.5, 2.0, 68922.5, 1722.5]",4782.580788653758
45,60.0,3.5,4.0,1.0,28765.5,27.0,2,"[120, 7, 8, 2, 57531, 54]","[7218, 25, 32, 2, 1678130093, 1508]","[60.0, 3.5, 4.0, 1.0, 28765.5, 27.0]",3407.5050256749437
46,54.0,2.0,2.0,1.0,55584.857142857145,419.14285714285717,7,"[378, 14, 14, 7, 389094, 2934]","[20496, 28, 28, 7, 21952701544, 1680424]","[54.0, 2.0, 2.0, 1.0, 55584.857142857145, 419.14285714285717]",6818.230622113522
47,56.0,4.0,3.0,0.0,33051.0,835.0,1,"[56, 4, 3, 0, 33051, 835]","[3136, 16, 9, 0, 1092368601, 697225]","[56.0, 4.0, 3.0, 0.0, 33051.0, 835.0]",0.0
48,59.111111111111114,0.2222222222222222,1.1111111111111112,0.1111111111111111,64501.22222222222,1304.888888888889,9,"[532, 2, 10, 1, 580511, 11744]","[31478, 2, 12, 1, 37896689233, 15993704]","[59.111111111111114, 0.2222222222222222, 1.1111111111111112, 0.1111111111111111, 64501.22222222222, 1304.888888888889]",7099.99485654486
49,51.92,0.0,1.0,2.0,36615.04,176.8,25,"[1298, 0, 25, 50, 915376, 4420]","[67874, 0, 29, 100, 37284796458, 1620202]","[51.92, 0.0, 1.0, 2.0, 36615.04, 176.8]",12278.610401507161
50,51.0,0.8235294117647058,1.1176470588235294,0.0,68195.23529411765,805.6470588235294,17,"[867, 14, 19, 0, 1159319, 13696]","[44389, 16, 23, 0, 79861872579, 11890940]","[51.0, 0.8235294117647058, 1.1176470588235294, 0.0, 68195.23529411765, 805.6470588235294]",6871.499404729917
51,46.08108108108108,1.1486486486486487,1.0675675675675675,1.0,35663.71621621621,149.27027027027026,74,"[3410, 85, 79, 74, 2639115, 11046]","[157626, 107, 101, 74, 103405276211, 3391220]","[46.08108108108108, 1.1486486486486487, 1.0675675675675675, 1.0, 35663.71621621621, 149.27027027027026]",11202.29868132507
52,59.25,0.5,3.75,1.75,11955.25,69.5,4,"[237, 2, 15, 7, 47821, 278]","[14049, 2, 57, 13, 859613853, 25644]","[59.25, 0.5, 3.75, 1.75, 11955.25, 69.5]",8483.928556394143
53,39.588235294117645,2.1176470588235294,0.7647058823529411,0.0,22683.176470588234,137.41176470588235,17,"[673, 36, 13, 0, 385614, 2336]","[26903, 78, 13, 0, 10527533798, 946690]","[39.588235294117645, 2.1176470588235294, 0.7647058823529411, 0.0, 22683.176470588234, 137.41176470588235]",10236.064695130966
54,57.4,3.2666666666666666,1.0,0.8666666666666667,54116.46666666667,406.6,15,"[861, 49, 15, 13, 811747, 6099]","[49463, 163, 15, 13, 45089973787, 3245569]","[57.4, 3.2666666666666666, 1.0, 0.8666666666666667, 54116.46666666667, 406.6]",8800.985102437862
55,57.523809523809526,1.1904761904761905,1.0476190476190477,0.9523809523809523,37743.95238095238,220.47619047619048,21,"[1208, 25, 22, 20, 792623, 4630]","[69550, 33, 24, 20, 31425431891, 1554374]","[57.523809523809526, 1.1904761904761905, 1.0476190476190477, 0.9523809523809523, 37743.95238095238, 220.47619047619048]",8477.535464450772
56,42.9041095890411,0.0,1.0547945205479452,1.0,30074.80821917808,95.87671232876713,73,"[3132, 0, 77, 73, 2195461, 6999]","[135400, 0, 97, 73, 72080479417, 1210161]","[42.9041095890411, 0.0, 1.0547945205479452, 1.0, 30074.80821917808, 95.87671232876713]",9105.884781933619
57,46.0,2.0,1.0,1.0,2447.0,1730.0,1,"[46, 2, 1, 1, 2447, 1730]","[2116, 4, 1, 1, 5987809, 2992900]","[46.0, 2.0, 1.0, 1.0, 2447.0, 1730.0]",0.0
58,38.40909090909091,1.3636363636363635,1.0681818181818181,1.0,26022.56818181818,87.52272727272727,44,"[1690, 60, 47, 44, 1144993, 3851]","[65196, 92, 65, 44, 33495455255, 892229]","[38.40909090909091, 1.3636363636363635, 1.0681818181818181, 1.0, 26022.56818181818, 87.52272727272727]",9170.546148832796
59,53.0,1.1538461538461537,2.6923076923076925,0.0,28476.076923076922,265.9230769230769,13,"[689, 15, 35, 0, 370189, 3457]","[36775, 19, 99, 0, 11242892677, 1389213]","[53.0, 1.1538461538461537, 2.6923076923076925, 0.0, 28476.076923076922, 265.9230769230769]",7347.5920613893495
60,42.940677966101696,2.016949152542373,1.0932203389830508,1.0,28603.398305084746,109.19491525423729,118,"[5067, 238, 129, 118, 3375201, 12885]","[218597, 482, 167, 118, 107145779183, 2952587]","[42.940677966101696, 2.016949152542373, 1.0932203389830508, 1.0, 28603.398305084746, 109.19491525423729]",9480.178820509174
61,61.0,3.0,3.0,0.0,35416.0,390.0,1,"[61, 3, 3, 0, 35416, 390]","[3721, 9, 9, 0, 1254293056, 152100]","[61.0, 3.0, 3.0, 0.0, 35416.0, 390.0]",0.0
62,47.4,2.4,1.0,0.2,74601.8,1529.4,5,"[237, 12, 5, 1, 373009, 7647]","[11245, 30, 5, 1, 28001389077, 11740557]","[47.4, 2.4, 1.0, 0.2, 74601.8, 1529.4]",5904.09195727835
63,55.56,1.66,1.0,1.0,57800.6,536.46,50,"[2778, 83, 50, 50, 2890030, 26823]","[154766, 149, 50, 50, 169425794134, 17056595]","[55.56, 1.66, 1.0, 1.0, 57800.6, 536.46]",6903.613077164752
64,55.666666666666664,1.5238095238095237,1.0,2.0,36927.90476190476,94.21428571428571,42,"[2338, 64, 42, 84, 1550972, 3957]","[130560, 108, 42, 168, 60588753142, 669793]","[55.666666666666664, 1.5238095238095237, 1.0, 2.0, 36927.90476190476, 94.21428571428571]",8884.047027303099
65,53.16216216216216,0.0,1.0810810810810811,1.0,52417.16216216216,440.4864864864865,37,"[1967, 0, 40, 37, 1939435, 16298]","[105295, 0, 46, 37, 105130643037, 8857260]","[53.16216216216216, 0.0, 1.0810810810810811, 1.0, 52417.16216216216, 440.4864864864865]",9687.890292823571
66,48.38461538461539,0.0,3.6923076923076925,1.0,36609.0,71.0,13,"[629, 0, 48, 13, 475917, 923]","[30565, 0, 180, 13, 17796091525, 74419]","[48.38461538461539, 0.0, 3.6923076923076925, 1.0, 36609.0, 71.0]",5358.351438830026
67,45.0,1.6129032258064515,1.2096774193548387,1.0,61307.209677419356,719.1774193548387,62,"[2790, 100, 75, 62, 3801047, 44589]","[126136, 176, 101, 62, 236912594013, 34313627]","[45.0, 1.6129032258064515, 1.2096774193548387, 1.0, 61307.209677419356, 719.1774193548387]",7914.110944205945
68,56.72222222222222,1.0,3.0,1.0,53576.77777777778,378.27777777777777,18,"[1021, 18, 54, 18, 964382, 6809]","[58015, 18, 166, 18, 52817249100, 3662369]","[56.72222222222222, 1.0, 3.0, 1.0, 53576.77777777778, 378.27777777777777]",7992.551304298974
69,46.84615384615385,3.0384615384615383,1.0,1.0,32182.30769230769,94.1923076923077,26,"[1218, 79, 26, 26, 836740, 2449]","[57206, 241, 28, 26, 30785798646, 562755]","[46.84615384615385, 3.0384615384615383, 1.0, 1.0, 32182.30769230769, 94.1923076923077]",12181.175161072671
70,48.2,0.7,1.1,3.0,45646.8,103.2,10,"[482, 7, 11, 30, 456468, 1032]","[23514, 7, 13, 90, 21904486368, 262826]","[48.2, 0.7, 1.1, 3.0, 45646.8, 103.2]",10336.050859975483
71,58.5,0.0,3.5,3.0,44561.0,49.0,4,"[234, 0, 14, 12, 178244, 196]","[13694, 0, 50, 36, 8358596076, 15036]","[58.5, 0.0, 3.5, 3.0, 44561.0, 49.0]",10196.453182357089
72,58.625,0.875,3.625,2.0,48755.25,323.75,8,"[469, 7, 29, 16, 390042, 2590]","[27531, 7, 107, 32, 19203464130, 1002030]","[58.625, 0.875, 3.625, 2.0, 48755.25, 323.75]",4835.189572615018
73,53.95238095238095,1.7619047619047619,0.6666666666666666,0.0,26406.761904761905,117.61904761904762,21,"[1133, 37, 14, 0, 554542, 2470]","[61405, 69, 14, 0, 16664737996, 539386]","[53.95238095238095, 1.7619047619047619, 0.6666666666666666, 0.0, 26406.761904761905, 117.61904761904762]",9810.899158323084
74,39.09090909090909,0.18181818181818182,3.1818181818181817,0.0,28777.909090909092,149.27272727272728,11,"[430, 2, 35, 0, 316557, 1642]","[16936, 2, 117, 0, 10281391987, 401188]","[39.09090909090909, 0.18181818181818182, 3.1818181818181817, 0.0, 28777.909090909092, 149.27272727272728]",10320.762988323926
75,52.0,0.0,1.0833333333333333,0.0,25148.583333333332,175.83333333333334,12,"[624, 0, 13, 0, 301783, 2110]","[32706, 0, 15, 0, 8452285035, 835416]","[52.0, 0.0, 1.0833333333333333, 0.0, 25148.583333333332, 175.83333333333334]",8482.014194262278
76,41.68292682926829,0.4878048780487805,3.4146341463414633,1.0,31289.829268292684,99.92682926829268,41,"[1709, 20, 140, 41, 1282883, 4097]","[71385, 20, 488, 41, 42805590491, 849269]","[41.68292682926829, 0.4878048780487805, 3.4146341463414633, 1.0, 31289.829268292684, 99.92682926829268]",8062.0164633351
77,41.357142857142854,0.07142857142857142,1.6428571428571428,2.0,42596.57142857143,146.42857142857142,14,"[579, 1, 23, 28, 596352, 2050]","[23991, 1, 47, 56, 26189045064, 585740]","[41.357142857142854, 0.07142857142857142, 1.6428571428571428, 2.0, 42596.57142857143, 146.42857142857142]",7496.571198194
78,55.0,3.5,1.0,0.0,22346.375,103.5,8,"[440, 28, 8, 0, 178771, 828]","[24292, 100, 10, 0, 4387533409, 171730]","[55.0, 3.5, 1.0, 0.0, 22346.375, 103.5]",7006.565955186249
79,46.0,1.471698113207547,1.1132075471698113,2.0,34199.943396226416,77.33962264150944,53,"[2438, 78, 59, 106, 1812597, 4099]","[112494, 128, 71, 212, 65995593105, 664063]","[46.0, 1.471698113207547, 1.1132075471698113, 2.0, 34199.943396226416, 77.33962264150944]",8693.117769350516
80,33.833333333333336,1.8333333333333333,1.1666666666666667,0.0,35703.333333333336,196.0,6,"[203, 11, 7, 0, 214220, 1176]","[6871, 21, 9, 0, 8215960958, 331636]","[33.833333333333336, 1.8333333333333333, 1.1666666666666667, 0.0, 35703.333333333336, 196.0]",9727.058786647098
81,45.5,0.0,3.25,1.0,54691.25,455.125,8,"[364, 0, 26, 8, 437530, 3641]","[16610, 0, 88, 8, 24383605332, 1743593]","[45.5, 0.0, 3.25, 1.0, 54691.25, 455.125]",7538.478409757171
82,42.111111111111114,2.111111111111111,2.111111111111111,0.0,20460.555555555555,57.0,9,"[379, 19, 19, 0, 184145, 513]","[16029, 41, 41, 0, 4310644783, 38359]","[42.111111111111114, 2.111111111111111, 2.111111111111111, 0.0, 20460.555555555555, 57.0]",7767.059853344256
83,43.22222222222222,0.4444444444444444,1.2222222222222223,0.0,42037.11111111111,330.55555555555554,9,"[389, 4, 11, 0, 378334, 2975]","[16837, 4, 15, 0, 17056352796, 1433215]","[43.22222222222222, 0.4444444444444444, 1.2222222222222223, 0.0, 42037.11111111111, 330.55555555555554]",11317.313385764533
84,46.25,0.9166666666666666,1.1666666666666667,2.0,68129.58333333333,819.5833333333334,12,"[555, 11, 14, 24, 817555, 9835]","[25791, 13, 18, 48, 56521825215, 8839085]","[46.25, 0.9166666666666666, 1.1666666666666667, 2.0, 68129.58333333333, 819.5833333333334]",8281.114672688856
85,39.0,0.0,1.1428571428571428,0.8571428571428571,55152.42857142857,569.2857142857143,14,"[546, 0, 16, 12, 772134, 7970]","[21452, 0, 20, 12, 43150354924, 5262972]","[39.0, 0.0, 1.1428571428571428, 0.8571428571428571, 55152.42857142857, 569.2857142857143]",6358.434037415424
86,35.85,0.0,0.5,0.65,19171.0,59.7,20,"[717, 0, 10, 13, 383420, 1194]","[25901, 0, 10, 13, 8556237294, 105574]","[35.85, 0.0, 0.5, 0.65, 19171.0, 59.7]",7764.42841521512
87,29.0,2.0,0.0,0.0,14421.0,16.0,1,"[29, 2, 0, 0, 14421, 16]","[841, 4, 0, 0, 207965241, 256]","[29.0, 2.0, 0.0, 0.0, 14421.0, 16.0]",0.0
88,62.5,1.375,0.75,0.0,32008.625,130.5,8,"[500, 11, 6, 0, 256069, 1044]","[31278, 17, 6, 0, 9324311627, 262372]","[62.5, 1.375, 0.75, 0.0, 32008.625, 130.5]",11874.45363611522
89,45.0,0.0,1.0,3.0,83273.0,1392.0,1,"[45, 0, 1, 3, 83273, 1392]","[2025, 0, 1, 9, 6934392529, 1937664]","[45.0, 0.0, 1.0, 3.0, 83273.0, 1392.0]",0.0
90,95.0,3.0,2.0,1.0,36640.0,65.0,1,"[95, 3, 2, 1, 36640, 65]","[9025, 9, 4, 1, 1342489600, 4225]","[95.0, 3.0, 2.0, 1.0, 36640.0, 65.0]",0.0
91,102.0,0.0,2.0,1.0,60182.0,22.0,1,"[102, 0, 2, 1, 60182, 22]","[10404, 0, 4, 1, 3621873124, 484]","[102.0, 0.0, 2.0, 1.0, 60182.0, 22.0]",0.0
92,56.88235294117647,0.35294117647058826,3.588235294117647,0.0,76925.82352941176,1447.4117647058824,17,"[967, 6, 61, 0, 1307739, 24606]","[55051, 6, 223, 0, 103288319469, 36947258]","[56.88235294117647, 0.35294117647058826, 3.588235294117647, 0.0, 76925.82352941176, 1447.4117647058824]",12580.919797929635
93,62.285714285714285,2.0,3.4285714285714284,0.0,74255.57142857143,1295.0,14,"[872, 28, 48, 0, 1039578, 18130]","[54472, 56, 168, 0, 77960859590, 24403510]","[62.285714285714285, 2.0, 3.4285714285714284, 0.0, 74255.57142857143, 1295.0]",7403.312375041812
94,57.888888888888886,0.0,3.7777777777777777,1.0,63228.0,812.7777777777778,9,"[521, 0, 34, 9, 569052, 7315]","[30207, 0, 130, 9, 36653864070, 6447861]","[57.888888888888886, 0.0, 3.7777777777777777, 1.0, 63228.0, 812.7777777777778]",8656.061806618536
95,96.0,1.0,4.0,0.0,83532.0,1853.0,1,"[96, 1, 4, 0, 83532, 1853]","[9216, 1, 16, 0, 6977595024, 3433609]","[96.0, 1.0, 4.0, 0.0, 83532.0, 1853.0]",0.0
96,65.6,2.6,4.0,0.0,51106.8,580.8,5,"[328, 13, 20, 0, 255534, 2904]","[21526, 35, 80, 0, 13089178692, 2179694]","[65.6, 2.6, 4.0, 0.0, 51106.8, 580.8]",2455.4723374536
97,63.166666666666664,1.8333333333333333,3.5,0.0,81754.5,2216.0,6,"[379, 11, 21, 0, 490527, 13296]","[24009, 21, 75, 0, 40483218289, 29642134]","[63.166666666666664, 1.8333333333333333, 3.5, 0.0, 81754.5, 2216.0]",7964.577166707895
98,60.3125,1.125,3.6875,1.0,63820.5625,933.875,16,"[965, 18, 59, 16, 1021129, 14942]","[58239, 22, 221, 16, 65981884345, 14502844]","[60.3125, 1.125, 3.6875, 1.0, 63820.5625, 933.875]",7130.068838695125
99,64.125,1.75,1.125,0.0,71343.5,1089.625,8,"[513, 14, 9, 0, 570748, 8717]","[32919, 26, 11, 0, 41209991204, 9883453]","[64.125, 1.75, 1.125, 0.0, 71343.5, 1089.625]",7835.946681201002
100,64.2,0.5,3.6,0.0,78788.4,1480.8,10,"[642, 5, 36, 0, 787884, 14808]","[41238, 5, 132, 0, 62613169154, 23045546]","[64.2, 0.5, 3.6, 0.0, 78788.4, 1480.8]",7335.988648437247
101,66.33333333333333,0.0,4.0,0.0,52958.666666666664,312.0,3,"[199, 0, 12, 0, 158876, 936]","[13221, 0, 48, 0, 8556314938, 447630]","[66.33333333333333, 0.0, 4.0, 0.0, 52958.666666666664, 312.0]",6894.670195963814
102,56.57142857142857,2.2857142857142856,3.5714285714285716,1.0,67951.21428571429,1450.5714285714287,14,"[792, 32, 50, 14, 951317, 20308]","[44906, 76, 182, 14, 65520193983, 30133056]","[56.57142857142857, 2.2857142857142856, 3.5714285714285716, 1.0, 67951.21428571429, 1450.5714285714287]",7917.988658293012
103,53.5,3.75,4.0,0.0,73748.75,1641.5,4,"[214, 15, 16, 0, 294995, 6566]","[11458, 57, 64, 0, 21873829761, 11131452]","[53.5, 3.75, 4.0, 0.0, 73748.75, 1641.5]",5446.802445013037
104,65.0,0.0,4.0,0.0,113734.0,277.0,1,"[65, 0, 4, 0, 113734, 277]","[4225, 0, 16, 0, 12935422756, 76729]","[65.0, 0.0, 4.0, 0.0, 113734.0, 277.0]",0.0
105,52.0,0.0,3.75,0.0,59506.0,654.5,4,"[208, 0, 15, 0, 238024, 2618]","[10836, 0, 57, 0, 14482543030, 2030156]","[52.0, 0.0, 3.75, 0.0, 59506.0, 654.5]",8930.335684480175
106,63.0,4.0,4.0,1.0,68117.0,930.0,1,"[63, 4, 4, 1, 68117, 930]","[3969, 16, 16, 1, 4639925689, 864900]","[63.0, 4.0, 4.0, 1.0, 68117.0, 930.0]",0.0
107,61.0,2.0,4.0,0.0,156924.0,8.0,1,"[61, 2, 4, 0, 156924, 8]","[3721, 4, 16, 0, 24625141776, 64]","[61.0, 2.0, 4.0, 0.0, 156924.0, 8.0]",0.0
108,59.5,4.5,2.5,0.0,70173.0,1367.0,2,"[119, 9, 5, 0, 140346, 2734]","[7085, 41, 13, 0, 9892417050, 3815786]","[59.5, 4.5, 2.5, 0.0, 70173.0, 1367.0]",4690.18152633776
109,55.666666666666664,1.6666666666666667,4.0,2.0,67768.0,924.3333333333334,3,"[167, 5, 12, 6, 203304, 2773]","[9321, 9, 48, 12, 14099758760, 2805531]","[55.666666666666664, 1.6666666666666667, 4.0, 2.0, 67768.0, 924.3333333333334]",10368.151040566507
110,51.61538461538461,1.6153846153846154,3.6153846153846154,0.0,79788.23076923077,1742.4615384615386,13,"[671, 21, 47, 0, 1037247, 22652]","[34767, 37, 173, 0, 83150922667, 39966666]","[51.61538461538461, 1.6153846153846154, 3.6153846153846154, 0.0, 79788.23076923077, 1742.4615384615386]",5486.460486922032
111,47.7,0.0,3.0,0.0,73840.1,1550.2,10,"[477, 0, 30, 0, 738401, 15502]","[22845, 0, 92, 0, 54650928011, 24634290]","[47.7, 0.0, 3.0, 0.0, 73840.1, 1550.2]",3576.695606282313
112,50.5,1.5,1.0,3.0,84129.0,1589.0,2,"[101, 3, 2, 6, 168258, 3178]","[5161, 5, 2, 18, 14327428532, 5051300]","[50.5, 1.5, 1.0, 3.0, 84129.0, 1589.0]",9275.040943305858
113,54.61764705882353,2.1176470588235294,1.3529411764705883,0.0,75990.0,1126.5294117647059,34,"[1857, 72, 46, 0, 2583660, 38302]","[101677, 156, 70, 0, 198438151192, 44640972]","[54.61764705882353, 2.1176470588235294, 1.3529411764705883, 0.0, 75990.0, 1126.5294117647059]",7872.739073750377
114,45.83783783783784,0.5405405405405406,1.0810810810810811,0.0,80590.16216216216,1755.5405405405406,37,"[1696, 20, 40, 0, 2981836, 64955]","[78080, 20, 46, 0, 243281601690, 117207597]","[45.83783783783784, 0.5405405405405406, 1.0810810810810811, 0.0, 80590.16216216216, 1755.5405405405406]",8971.624519485178
115,38.88235294117647,0.17647058823529413,3.6470588235294117,0.0,80702.76470588235,1754.1176470588234,17,"[661, 3, 62, 0, 1371947, 29820]","[25903, 3, 230, 0, 112261818383, 53560020]","[38.88235294117647, 0.17647058823529413, 3.6470588235294117, 0.0, 80702.76470588235, 1754.1176470588234]",9527.52944009279
116,37.096774193548384,0.25806451612903225,1.1290322580645162,0.03225806451612903,74446.2258064516,1105.4193548387098,31,"[1150, 8, 35, 1, 2307833, 34268]","[43164, 8, 43, 1, 174188397917, 39646778]","[37.096774193548384, 0.25806451612903225, 1.1290322580645162, 0.03225806451612903, 74446.2258064516, 1105.4193548387098]",8763.391698800095
117,42.0,0.07692307692307693,3.923076923076923,0.3076923076923077,55695.769230769234,950.3846153846154,13,"[546, 1, 51, 4, 724045, 12355]","[23038, 1, 201, 4, 41830605103, 12258111]","[42.0, 0.07692307692307693, 3.923076923076923, 0.3076923076923077, 55695.769230769234, 950.3846153846154]",10759.175297248514
118,41.592592592592595,2.185185185185185,3.6666666666666665,0.0,79695.22222222222,1814.111111111111,27,"[1123, 59, 99, 0, 2151771, 48981]","[46945, 133, 369, 0, 172841853987, 90513707]","[41.592592592592595, 2.185185185185185, 3.6666666666666665, 0.0, 79695.22222222222, 1814.111111111111]",7091.055784959352
119,42.5,2.0,4.0,0.5,159023.0,1662.5,2,"[85, 4, 8, 1, 318046, 3325]","[3613, 8, 32, 1, 50582965858, 5533753]","[42.5, 2.0, 4.0, 0.5, 159023.0, 1662.5]",1780.8342848227064
120,42.6578947368421,1.763157894736842,1.1842105263157894,0.0,71992.84210526316,1125.1315789473683,38,"[1621, 67, 45, 0, 2735728, 42755]","[69509, 125, 59, 0, 200121015928, 49674243]","[42.6578947368421, 1.763157894736842, 1.1842105263157894, 0.0, 71992.84210526316, 1125.1315789473683]",9133.154750581012
121,55.3235294117647,2.4411764705882355,1.088235294117647,1.0,69668.9705882353,1228.6470588235295,34,"[1881, 83, 37, 34, 2368745, 41774]","[104511, 211, 43, 34, 166519458299, 53737406]","[55.3235294117647, 2.4411764705882355, 1.088235294117647, 1.0, 69668.9705882353, 1228.6470588235295]",6628.470068562293
122,42.78378378378378,1.8918918918918919,1.054054054054054,1.027027027027027,70208.7027027027,1310.3243243243244,37,"[1583, 70, 39, 38, 2597722, 48482]","[68031, 142, 43, 40, 184350970610, 65453590]","[42.78378378378378, 1.8918918918918919, 1.054054054054054, 1.027027027027027, 70208.7027027027, 1310.3243243243244]",7297.177852375742
123,51.095238095238095,2.0,3.619047619047619,1.0,68458.38095238095,987.3809523809524,21,"[1073, 42, 76, 21, 1437626, 20735]","[55073, 84, 280, 21, 99901952444, 21025537]","[51.095238095238095, 2.0, 3.619047619047619, 1.0, 68458.38095238095, 987.3809523809524]",8409.055534608417
124,51.375,3.5,1.0,0.0,78474.125,1797.875,8,"[411, 28, 8, 0, 627793, 14383]","[21229, 100, 8, 0, 49551604899, 26203503]","[51.375, 3.5, 1.0, 0.0, 78474.125, 1797.875]",5983.762671022723
125,42.04545454545455,1.9545454545454546,1.0,0.0,80456.31818181818,1851.5,22,"[925, 43, 22, 0, 1770039, 40733]","[39173, 89, 22, 0, 143591585883, 76941659]","[42.04545454545455, 1.9545454545454546, 1.0, 0.0, 80456.31818181818, 1851.5]",7330.787196294555
126,45.9,3.0,1.2,0.0,69061.0,1201.4,10,"[459, 30, 12, 0, 690610, 12014]","[21113, 90, 16, 0, 48924203418, 14525954]","[45.9, 3.0, 1.2, 0.0, 69061.0, 1201.4]",11090.89080687391
127,56.61904761904762,0.23809523809523808,1.1428571428571428,0.0,80451.66666666667,1270.6190476190477,21,"[1189, 5, 24, 0, 1689485, 26683]","[67447, 5, 30, 0, 136708759671, 34912141]","[56.61904761904762, 0.23809523809523808, 1.1428571428571428, 0.0, 80451.66666666667, 1270.6190476190477]",6125.217037757614
128,50.0,1.0,3.4,0.0,73768.4,978.4,5,"[250, 5, 17, 0, 368842, 4892]","[12602, 5, 59, 0, 27405768470, 4962594]","[50.0, 1.0, 3.4, 0.0, 73768.4, 978.4]",6277.907957273707
129,55.4,1.0,3.8,1.0,65602.6,1409.0,5,"[277, 5, 19, 5, 328013, 7045]","[15361, 5, 73, 5, 21800764109, 10584871]","[55.4, 1.0, 3.8, 1.0, 65602.6, 1409.0]",7522.193259947461
130,58.22727272727273,1.5909090909090908,1.0909090909090908,0.0,77919.72727272728,1677.590909090909,22,"[1281, 35, 24, 0, 1714234, 36907]","[74739, 61, 28, 0, 135415473044, 62584559]","[58.22727272727273, 1.5909090909090908, 1.0909090909090908, 0.0, 77919.72727272728, 1677.590909090909]",9153.978644883902
131,50.25714285714286,0.5428571428571428,1.1142857142857143,1.0,69823.31428571428,1158.1142857142856,35,"[1759, 19, 39, 35, 2443816, 40534]","[89025, 19, 47, 35, 172547308688, 48674542]","[50.25714285714286, 0.5428571428571428, 1.1142857142857143, 1.0, 69823.31428571428, 1158.1142857142856]",7394.4153366868195
132,47.0,3.0,4.0,2.0,76669.0,1009.0,2,"[94, 6, 8, 4, 153338, 2018]","[4418, 18, 32, 8, 11854131172, 2089954]","[47.0, 3.0, 4.0, 2.0, 76669.0, 1009.0]",6996.92225196193
133,59.7,3.7,1.0,0.1,69799.8,1088.8,10,"[597, 37, 10, 1, 697998, 10888]","[35699, 139, 10, 1, 49416813310, 12112660]","[59.7, 3.7, 1.0, 0.1, 69799.8, 1088.8]",8348.355384744953
134,52.5,2.8333333333333335,3.5,0.0,79469.5,1182.5,6,"[315, 17, 21, 0, 476817, 7095]","[16561, 49, 75, 0, 38070419145, 8554617]","[52.5, 2.8333333333333335, 3.5, 0.0, 79469.5, 1182.5]",5449.393985165282
135,48.5,0.4444444444444444,3.2777777777777777,1.0,61498.555555555555,970.8888888888889,18,"[873, 8, 59, 18, 1106974, 17476]","[42425, 8, 197, 18, 68725331494, 17449192]","[48.5, 0.4444444444444444, 3.2777777777777777, 1.0, 61498.555555555555, 970.8888888888889]",6002.36752724279
136,44.84615384615385,1.7692307692307692,3.8461538461538463,1.0,72346.92307692308,1588.076923076923,13,"[583, 23, 50, 13, 940510, 20645]","[26267, 43, 194, 13, 68609777848, 33469419]","[44.84615384615385, 1.7692307692307692, 3.8461538461538463, 1.0, 72346.92307692308, 1588.076923076923]",6606.854957242184
137,46.5,1.0,3.5,1.5,160065.0,83.0,2,"[93, 2, 7, 3, 320130, 166]","[4337, 2, 25, 5, 51252484898, 14930]","[46.5, 1.0, 3.5, 1.5, 160065.0, 83.0]",2332.124943050865
138,40.0,3.0,1.0,0.0,153924.0,6.0,1,"[40, 3, 1, 0, 153924, 6]","[1600, 9, 1, 0, 23692597776, 36]","[40.0, 3.0, 1.0, 0.0, 153924.0, 6.0]",0.0
139,42.9375,1.0,3.6875,0.0,78554.875,1476.5,16,"[687, 16, 59, 0, 1256878, 23624]","[29693, 16, 221, 0, 100184393352, 35746286]","[42.9375, 1.0, 3.6875, 0.0, 78554.875, 1476.5]",9524.195570115751
140,58.142857142857146,1.4285714285714286,3.4285714285714284,0.0,73511.85714285714,746.2857142857143,7,"[407, 10, 24, 0, 514583, 5224]","[23701, 16, 84, 0, 38610221045, 4210960]","[58.142857142857146, 1.4285714285714286, 3.4285714285714284, 0.0, 73511.85714285714, 746.2857142857143]",10573.426695335444
141,50.666666666666664,1.3333333333333333,1.0,1.0,79310.55555555556,1910.3333333333333,9,"[456, 12, 9, 9, 713795, 17193]","[23324, 18, 9, 9, 56920620735, 33011425]","[50.666666666666664, 1.3333333333333333, 1.0, 1.0, 79310.55555555556, 1910.3333333333333]",5862.403926928582
142,51.5,4.0,3.5,1.0,74182.0,1471.5,2,"[103, 8, 7, 2, 148364, 2943]","[5365, 32, 25, 2, 11098772186, 4330845]","[51.5, 4.0, 3.5, 1.0, 74182.0, 1471.5]",6813.0103295092695
143,32.375,0.125,1.25,0.0,84336.25,1634.375,8,"[259, 1, 10, 0, 674690, 13075]","[8417, 1, 14, 0, 57644195578, 21817235]","[32.375, 0.125, 1.25, 0.0, 84336.25, 1634.375]",9642.476870759141
144,58.2,1.2,1.0,0.0,90882.8,2242.8,5,"[291, 6, 5, 0, 454414, 11214]","[16991, 8, 5, 0, 41411159134, 25176474]","[58.2, 1.2, 1.0, 0.0, 90882.8, 2242.8]",4749.067807475488
145,55.0,0.0,1.25,1.75,81660.75,1431.0,4,"[220, 0, 5, 7, 326643, 5724]","[12150, 0, 7, 13, 27143805833, 8497646]","[55.0, 0.0, 1.25, 1.75, 81660.75, 1431.0]",10842.049209559049
146,33.666666666666664,0.0,3.0,0.0,91378.33333333333,2375.6666666666665,3,"[101, 0, 9, 0, 274135, 7127]","[3401, 0, 27, 0, 25053287969, 17065179]","[33.666666666666664, 0.0, 3.0, 0.0, 91378.33333333333, 2375.6666666666665]",1068.0767762672208
147,61.666666666666664,4.0,3.6666666666666665,0.0,76966.5,1268.6666666666667,6,"[370, 24, 22, 0, 461799, 7612]","[22870, 96, 82, 0, 36038742719, 10219488]","[61.666666666666664, 4.0, 3.6666666666666665, 0.0, 76966.5, 1268.6666666666667]",9094.434538954745
148,42.5,2.0,3.5,0.1,78064.5,817.5,10,"[425, 20, 35, 1, 780645, 8175]","[18121, 40, 125, 1, 61445958597, 7054463]","[42.5, 2.0, 3.5, 0.1, 78064.5, 817.5]",7111.03689274636
149,48.0,1.0,1.0,0.0,157146.0,1730.0,1,"[48, 1, 1, 0, 157146, 1730]","[2304, 1, 1, 0, 24694865316, 2992900]","[48.0, 1.0, 1.0, 0.0, 157146.0, 1730.0]",0.0
150,38.666666666666664,2.6666666666666665,3.6666666666666665,0.0,62505.0,1287.3333333333333,3,"[116, 8, 11, 0, 187515, 3862]","[4488, 22, 41, 0, 11976823563, 4974110]","[38.666666666666664, 2.6666666666666665, 3.6666666666666665, 0.0, 62505.0, 1287.3333333333333]",9241.228646066977
151,32.0,5.0,1.0,0.0,79244.0,1216.0,1,"[32, 5, 1, 0, 79244, 1216]","[1024, 25, 1, 0, 6279611536, 1478656]","[32.0, 5.0, 1.0, 0.0, 79244.0, 1216.0]",0.0
152,48.0,1.0,1.0,1.0,666666.0,62.0,1,"[48, 1, 1, 1, 666666, 62]","[2304, 1, 1, 1, 444443555556, 3844]","[48.0, 1.0, 1.0, 1.0, 666666.0, 62.0]",0.0
